<?xml version="1.0" encoding="UTF-8"?>
<PeakList>
  <PeakList1D>
    <PeakList1DHeader creator="nmrsu" date="2022-12-05T13:21:32.671+01:00" expNo="10" name="AEI-047" owner="" procNo="1" source="C:/Bruker/TopSpin3.5pl6/data/Leitner/nmr">
      <PeakPickDetails>F1=19.874189ppm, F2=-30.108686ppm, MI=0.00cm, MAXI=10000.00cm, PC=1.000
      </PeakPickDetails>
    </PeakList1DHeader>
    <Peak1D F1="9.894607" intensity="4.861559e-004" type="0"/>
    <Peak1D F1="9.559941" intensity="4.940671e-004" type="0"/>
    <Peak1D F1="9.442262" intensity="5.610159e-004" type="0"/>
    <Peak1D F1="9.426198" intensity="5.083040e-004" type="0"/>
    <Peak1D F1="9.358674" intensity="4.776826e-004" type="0"/>
    <Peak1D F1="9.337322" intensity="4.707974e-004" type="0"/>
    <Peak1D F1="9.304528" intensity="5.048106e-004" type="0"/>
    <Peak1D F1="9.236840" intensity="5.215630e-004" type="0"/>
    <Peak1D F1="9.206294" intensity="5.039488e-004" type="0"/>
    <Peak1D F1="9.152023" intensity="5.766329e-004" type="0"/>
    <Peak1D F1="9.113165" intensity="5.990514e-004" type="0"/>
    <Peak1D F1="9.071281" intensity="5.985604e-004" type="0"/>
    <Peak1D F1="9.035411" intensity="5.876175e-004" type="0"/>
    <Peak1D F1="9.002425" intensity="6.329590e-004" type="0"/>
    <Peak1D F1="8.973079" intensity="6.306737e-004" type="0"/>
    <Peak1D F1="8.952690" intensity="6.339265e-004" type="0"/>
    <Peak1D F1="8.847810" intensity="7.294375e-004" type="0"/>
    <Peak1D F1="8.794934" intensity="7.198586e-004" type="0"/>
    <Peak1D F1="8.717165" intensity="7.637463e-004" type="0"/>
    <Peak1D F1="8.627368" intensity="8.636349e-004" type="0"/>
    <Peak1D F1="8.591444" intensity="1.039037e-003" type="0"/>
    <Peak1D F1="8.573400" intensity="1.029861e-003" type="0"/>
    <Peak1D F1="8.490771" intensity="1.001626e-003" type="0"/>
    <Peak1D F1="8.473545" intensity="1.058829e-003" type="0"/>
    <Peak1D F1="8.434352" intensity="1.438928e-003" type="0"/>
    <Peak1D F1="8.416122" intensity="1.346517e-003" type="0"/>
    <Peak1D F1="8.339770" intensity="1.242528e-003" type="0"/>
    <Peak1D F1="8.285052" intensity="1.423924e-003" type="0"/>
    <Peak1D F1="8.260906" intensity="1.471031e-003" type="0"/>
    <Peak1D F1="8.223998" intensity="1.745646e-003" type="0"/>
    <Peak1D F1="8.203095" intensity="1.843639e-003" type="0"/>
    <Peak1D F1="8.163942" intensity="1.478475e-003" type="0"/>
    <Peak1D F1="8.146398" intensity="1.436924e-003" type="0"/>
    <Peak1D F1="8.122259" intensity="1.784682e-003" type="0"/>
    <Peak1D F1="8.091273" intensity="1.850351e-003" type="0"/>
    <Peak1D F1="8.076488" intensity="1.972127e-003" type="0"/>
    <Peak1D F1="8.042048" intensity="1.937240e-003" type="0"/>
    <Peak1D F1="8.023052" intensity="2.158300e-003" type="0"/>
    <Peak1D F1="7.994609" intensity="2.074315e-003" type="0"/>
    <Peak1D F1="7.947011" intensity="3.512994e-003" type="0"/>
    <Peak1D F1="7.928613" intensity="3.893373e-003" type="0"/>
    <Peak1D F1="7.882687" intensity="2.479394e-003" type="0"/>
    <Peak1D F1="7.862960" intensity="2.667878e-003" type="0"/>
    <Peak1D F1="7.842875" intensity="2.716224e-003" type="0"/>
    <Peak1D F1="7.814403" intensity="3.648103e-003" type="0"/>
    <Peak1D F1="7.786440" intensity="3.679021e-003" type="0"/>
    <Peak1D F1="7.767403" intensity="3.473238e-003" type="0"/>
    <Peak1D F1="7.729979" intensity="3.234987e-003" type="0"/>
    <Peak1D F1="7.711570" intensity="3.358381e-003" type="0"/>
    <Peak1D F1="7.691696" intensity="4.121928e-003" type="0"/>
    <Peak1D F1="7.672792" intensity="4.885552e-003" type="0"/>
    <Peak1D F1="7.663428" intensity="4.756544e-003" type="0"/>
    <Peak1D F1="7.656364" intensity="4.755049e-003" type="0"/>
    <Peak1D F1="7.636711" intensity="4.360285e-003" type="0"/>
    <Peak1D F1="7.617540" intensity="4.632100e-003" type="0"/>
    <Peak1D F1="7.608994" intensity="5.204656e-003" type="0"/>
    <Peak1D F1="7.588915" intensity="7.856020e-003" type="0"/>
    <Peak1D F1="7.577761" intensity="5.372340e-003" type="0"/>
    <Peak1D F1="7.568412" intensity="7.754778e-003" type="0"/>
    <Peak1D F1="7.560441" intensity="5.918647e-003" type="0"/>
    <Peak1D F1="7.542881" intensity="1.070541e-002" type="0"/>
    <Peak1D F1="7.523657" intensity="1.685770e-002" type="0"/>
    <Peak1D F1="7.504326" intensity="1.182898e-002" type="0"/>
    <Peak1D F1="7.492372" intensity="5.592408e-003" type="0"/>
    <Peak1D F1="7.431651" intensity="1.157737e-002" type="0"/>
    <Peak1D F1="7.412522" intensity="1.928107e-002" type="0"/>
    <Peak1D F1="7.389452" intensity="1.724530e-001" type="0"/>
    <Peak1D F1="7.370263" intensity="3.185288e-001" type="0"/>
    <Peak1D F1="7.350944" intensity="1.896843e-001" type="0"/>
    <Peak1D F1="7.297143" intensity="6.526570e-003" type="0"/>
    <Peak1D F1="7.277401" intensity="6.227105e-003" type="0"/>
    <Peak1D F1="7.265253" intensity="2.374944e-003" type="0"/>
    <Peak1D F1="7.249970" intensity="5.006571e-003" type="0"/>
    <Peak1D F1="7.232220" intensity="4.353317e-003" type="0"/>
    <Peak1D F1="7.187829" intensity="9.153365e-003" type="0"/>
    <Peak1D F1="7.166428" intensity="1.153938e-002" type="0"/>
    <Peak1D F1="7.150031" intensity="1.397391e-002" type="0"/>
    <Peak1D F1="7.132726" intensity="2.995906e-002" type="0"/>
    <Peak1D F1="7.103853" intensity="4.532768e-001" type="0"/>
    <Peak1D F1="7.084627" intensity="3.505076e-001" type="0"/>
    <Peak1D F1="6.461447" intensity="1.284946e-003" type="0"/>
    <Peak1D F1="5.463064" intensity="2.096849e-003" type="0"/>
    <Peak1D F1="5.460664" intensity="2.047491e-003" type="0"/>
    <Peak1D F1="5.458014" intensity="1.634207e-003" type="0"/>
    <Peak1D F1="5.400526" intensity="2.956608e-003" type="0"/>
    <Peak1D F1="5.318120" intensity="1.548097e-003" type="0"/>
    <Peak1D F1="5.265323" intensity="9.048235e-003" type="0"/>
    <Peak1D F1="5.243675" intensity="1.788106e-001" type="0"/>
    <Peak1D F1="5.241134" intensity="1.864362e-001" type="0"/>
    <Peak1D F1="5.238645" intensity="1.468950e-001" type="0"/>
    <Peak1D F1="5.018502" intensity="1.200161e-003" type="0"/>
    <Peak1D F1="5.016066" intensity="1.350992e-003" type="0"/>
    <Peak1D F1="4.780726" intensity="5.175595e-004" type="0"/>
    <Peak1D F1="4.743167" intensity="8.627735e-004" type="0"/>
    <Peak1D F1="4.705160" intensity="1.481601e-003" type="0"/>
    <Peak1D F1="4.673297" intensity="9.165257e-004" type="0"/>
    <Peak1D F1="4.586036" intensity="4.755065e-004" type="0"/>
    <Peak1D F1="4.569764" intensity="2.281141e-003" type="0"/>
    <Peak1D F1="4.558531" intensity="1.482676e-003" type="0"/>
    <Peak1D F1="4.518511" intensity="5.496067e-002" type="0"/>
    <Peak1D F1="4.503585" intensity="8.656816e-004" type="0"/>
    <Peak1D F1="4.444901" intensity="1.474645e-003" type="0"/>
    <Peak1D F1="4.427061" intensity="2.012237e-003" type="0"/>
    <Peak1D F1="4.387089" intensity="2.303656e-003" type="0"/>
    <Peak1D F1="4.301781" intensity="1.566403e-003" type="0"/>
    <Peak1D F1="4.267228" intensity="1.521939e-003" type="0"/>
    <Peak1D F1="3.845741" intensity="6.189388e-003" type="0"/>
    <Peak1D F1="3.841916" intensity="2.647178e-003" type="0"/>
    <Peak1D F1="3.784231" intensity="9.132903e-004" type="0"/>
    <Peak1D F1="3.493169" intensity="2.845783e-003" type="0"/>
    <Peak1D F1="3.480460" intensity="2.224351e-003" type="0"/>
    <Peak1D F1="3.469084" intensity="1.860175e-003" type="0"/>
    <Peak1D F1="3.457679" intensity="7.140741e-004" type="0"/>
    <Peak1D F1="3.412647" intensity="1.039531e-003" type="0"/>
    <Peak1D F1="3.377974" intensity="1.851115e-003" type="0"/>
    <Peak1D F1="3.360430" intensity="6.455990e-003" type="0"/>
    <Peak1D F1="3.350291" intensity="5.099974e-003" type="0"/>
    <Peak1D F1="3.342910" intensity="6.502146e-003" type="0"/>
    <Peak1D F1="3.326222" intensity="6.629853e-003" type="0"/>
    <Peak1D F1="3.322855" intensity="2.880657e-003" type="0"/>
    <Peak1D F1="3.260476" intensity="9.006134e-004" type="0"/>
    <Peak1D F1="3.247669" intensity="1.013839e-002" type="0"/>
    <Peak1D F1="3.233136" intensity="8.999946e-004" type="0"/>
    <Peak1D F1="3.220591" intensity="1.000117e-002" type="0"/>
    <Peak1D F1="3.103563" intensity="1.131331e-003" type="0"/>
    <Peak1D F1="3.086660" intensity="1.236022e-003" type="0"/>
    <Peak1D F1="3.047940" intensity="8.534296e-003" type="0"/>
    <Peak1D F1="3.040336" intensity="8.214381e-003" type="0"/>
    <Peak1D F1="3.032379" intensity="3.583775e-003" type="0"/>
    <Peak1D F1="3.024667" intensity="3.072779e-003" type="0"/>
    <Peak1D F1="3.006242" intensity="2.530385e-003" type="0"/>
    <Peak1D F1="2.998060" intensity="2.640962e-003" type="0"/>
    <Peak1D F1="2.955748" intensity="3.355593e-002" type="0"/>
    <Peak1D F1="2.948416" intensity="3.347519e-002" type="0"/>
    <Peak1D F1="2.890131" intensity="1.448228e+000" type="0"/>
    <Peak1D F1="2.882337" intensity="1.388088e+000" type="0"/>
    <Peak1D F1="2.728695" intensity="3.078729e-003" type="0"/>
    <Peak1D F1="2.721032" intensity="2.909789e-003" type="0"/>
    <Peak1D F1="2.444469" intensity="6.889781e-003" type="0"/>
    <Peak1D F1="2.364340" intensity="1.991449e-002" type="0"/>
    <Peak1D F1="2.328283" intensity="1.968023e-003" type="0"/>
    <Peak1D F1="2.092667" intensity="9.792324e-004" type="0"/>
    <Peak1D F1="1.334507" intensity="7.965656e-003" type="0"/>
    <Peak1D F1="1.328471" intensity="1.431277e-002" type="0"/>
    <Peak1D F1="1.323587" intensity="1.297797e-002" type="0"/>
    <Peak1D F1="1.320899" intensity="1.291898e-002" type="0"/>
    <Peak1D F1="1.310906" intensity="4.802151e-002" type="0"/>
    <Peak1D F1="1.302436" intensity="1.185083e-002" type="0"/>
    <Peak1D F1="1.290708" intensity="3.082090e-002" type="0"/>
    <Peak1D F1="1.272974" intensity="4.687169e-002" type="0"/>
    <Peak1D F1="1.265972" intensity="1.845019e-002" type="0"/>
    <Peak1D F1="1.259583" intensity="2.337095e-002" type="0"/>
    <Peak1D F1="1.253253" intensity="2.438801e-002" type="0"/>
    <Peak1D F1="1.220281" intensity="1.728429e-002" type="0"/>
    <Peak1D F1="1.213480" intensity="2.791618e-002" type="0"/>
    <Peak1D F1="1.207888" intensity="7.494923e-002" type="0"/>
    <Peak1D F1="1.180966" intensity="9.439079e-002" type="0"/>
    <Peak1D F1="1.159437" intensity="8.484679e-002" type="0"/>
    <Peak1D F1="1.147643" intensity="1.199264e-003" type="0"/>
    <Peak1D F1="1.135773" intensity="1.016884e-001" type="0"/>
    <Peak1D F1="1.122448" intensity="1.062755e-001" type="0"/>
    <Peak1D F1="1.115782" intensity="1.919179e-002" type="0"/>
    <Peak1D F1="1.112615" intensity="1.606833e-002" type="0"/>
    <Peak1D F1="1.111071" intensity="1.724590e-002" type="0"/>
    <Peak1D F1="1.109785" intensity="1.679614e-002" type="0"/>
    <Peak1D F1="1.102608" intensity="1.161461e-001" type="0"/>
    <Peak1D F1="1.095917" intensity="1.915188e-002" type="0"/>
    <Peak1D F1="1.094199" intensity="2.084557e-002" type="0"/>
    <Peak1D F1="1.092844" intensity="2.204727e-002" type="0"/>
    <Peak1D F1="1.088373" intensity="3.644433e-002" type="0"/>
    <Peak1D F1="1.082512" intensity="4.420947e-002" type="0"/>
    <Peak1D F1="1.077332" intensity="4.904372e-002" type="0"/>
    <Peak1D F1="1.061511" intensity="8.544274e-001" type="0"/>
    <Peak1D F1="1.052548" intensity="1.500000e+001" type="0"/>
    <Peak1D F1="1.034269" intensity="9.919915e-001" type="0"/>
    <Peak1D F1="1.025463" intensity="1.489026e+001" type="0"/>
    <Peak1D F1="1.000846" intensity="1.432986e-001" type="0"/>
    <Peak1D F1="0.998726" intensity="1.428517e-001" type="0"/>
    <Peak1D F1="0.997798" intensity="1.445610e-001" type="0"/>
    <Peak1D F1="0.991522" intensity="1.106450e-001" type="0"/>
    <Peak1D F1="0.986024" intensity="1.286202e-001" type="0"/>
    <Peak1D F1="0.981552" intensity="1.110235e-001" type="0"/>
    <Peak1D F1="0.976266" intensity="8.603049e-002" type="0"/>
    <Peak1D F1="0.970307" intensity="8.451051e-002" type="0"/>
    <Peak1D F1="0.965599" intensity="6.184913e-002" type="0"/>
    <Peak1D F1="0.963892" intensity="6.234132e-002" type="0"/>
    <Peak1D F1="0.957866" intensity="4.868575e-002" type="0"/>
    <Peak1D F1="0.956415" intensity="4.884608e-002" type="0"/>
    <Peak1D F1="0.954899" intensity="4.843866e-002" type="0"/>
    <Peak1D F1="0.948592" intensity="5.290088e-002" type="0"/>
    <Peak1D F1="0.941439" intensity="4.023920e-002" type="0"/>
    <Peak1D F1="0.936541" intensity="3.270659e-002" type="0"/>
    <Peak1D F1="0.934922" intensity="3.304392e-002" type="0"/>
    <Peak1D F1="0.933349" intensity="3.335321e-002" type="0"/>
    <Peak1D F1="0.924213" intensity="2.398781e-002" type="0"/>
    <Peak1D F1="0.922832" intensity="2.396627e-002" type="0"/>
    <Peak1D F1="0.919601" intensity="2.523224e-002" type="0"/>
    <Peak1D F1="0.918342" intensity="2.513241e-002" type="0"/>
    <Peak1D F1="0.916686" intensity="2.498308e-002" type="0"/>
    <Peak1D F1="0.912107" intensity="2.309473e-002" type="0"/>
    <Peak1D F1="0.910510" intensity="2.307897e-002" type="0"/>
    <Peak1D F1="0.908971" intensity="2.332589e-002" type="0"/>
    <Peak1D F1="0.907556" intensity="2.330123e-002" type="0"/>
    <Peak1D F1="0.905939" intensity="2.336568e-002" type="0"/>
    <Peak1D F1="0.899511" intensity="3.393971e-002" type="0"/>
    <Peak1D F1="0.893320" intensity="7.925743e-002" type="0"/>
    <Peak1D F1="0.866236" intensity="7.557862e-002" type="0"/>
    <Peak1D F1="0.830704" intensity="1.514909e-002" type="0"/>
    <Peak1D F1="0.815454" intensity="1.657850e-002" type="0"/>
    <Peak1D F1="0.799454" intensity="2.389498e-002" type="0"/>
    <Peak1D F1="0.781726" intensity="1.770501e-002" type="0"/>
    <Peak1D F1="0.766427" intensity="1.284271e-002" type="0"/>
    <Peak1D F1="0.761803" intensity="1.210787e-002" type="0"/>
    <Peak1D F1="0.754127" intensity="1.248439e-002" type="0"/>
    <Peak1D F1="0.734536" intensity="1.056098e-002" type="0"/>
    <Peak1D F1="0.729791" intensity="9.490388e-003" type="0"/>
    <Peak1D F1="0.719279" intensity="9.189119e-003" type="0"/>
    <Peak1D F1="0.714618" intensity="8.004974e-003" type="0"/>
    <Peak1D F1="0.708473" intensity="7.495951e-003" type="0"/>
    <Peak1D F1="0.703881" intensity="7.205639e-003" type="0"/>
    <Peak1D F1="0.702305" intensity="7.298002e-003" type="0"/>
    <Peak1D F1="0.697890" intensity="7.171212e-003" type="0"/>
    <Peak1D F1="0.694784" intensity="6.801934e-003" type="0"/>
    <Peak1D F1="0.688565" intensity="6.741595e-003" type="0"/>
    <Peak1D F1="0.685571" intensity="6.687034e-003" type="0"/>
    <Peak1D F1="0.684078" intensity="6.680349e-003" type="0"/>
    <Peak1D F1="0.681078" intensity="6.499737e-003" type="0"/>
    <Peak1D F1="0.677875" intensity="6.625249e-003" type="0"/>
    <Peak1D F1="0.667213" intensity="6.080671e-003" type="0"/>
    <Peak1D F1="0.659698" intensity="6.109588e-003" type="0"/>
    <Peak1D F1="0.650528" intensity="6.396310e-003" type="0"/>
    <Peak1D F1="0.647502" intensity="6.042683e-003" type="0"/>
    <Peak1D F1="0.641218" intensity="5.845983e-003" type="0"/>
    <Peak1D F1="0.636773" intensity="5.599622e-003" type="0"/>
    <Peak1D F1="0.630780" intensity="5.477457e-003" type="0"/>
    <Peak1D F1="0.624600" intensity="5.652798e-003" type="0"/>
    <Peak1D F1="0.618567" intensity="5.691012e-003" type="0"/>
    <Peak1D F1="0.613770" intensity="5.541455e-003" type="0"/>
    <Peak1D F1="0.610815" intensity="5.504096e-003" type="0"/>
    <Peak1D F1="0.604798" intensity="5.265146e-003" type="0"/>
    <Peak1D F1="0.592436" intensity="5.002035e-003" type="0"/>
    <Peak1D F1="0.588069" intensity="5.009334e-003" type="0"/>
    <Peak1D F1="0.575831" intensity="4.823768e-003" type="0"/>
    <Peak1D F1="0.555875" intensity="4.562166e-003" type="0"/>
    <Peak1D F1="0.546771" intensity="4.376450e-003" type="0"/>
    <Peak1D F1="0.535937" intensity="4.438280e-003" type="0"/>
    <Peak1D F1="0.491757" intensity="3.870148e-003" type="0"/>
    <Peak1D F1="0.481037" intensity="3.790900e-003" type="0"/>
    <Peak1D F1="0.417900" intensity="3.324309e-003" type="0"/>
    <Peak1D F1="0.411738" intensity="3.399015e-003" type="0"/>
    <Peak1D F1="0.382746" intensity="3.215844e-003" type="0"/>
    <Peak1D F1="0.370678" intensity="3.097007e-003" type="0"/>
    <Peak1D F1="0.353789" intensity="3.064319e-003" type="0"/>
    <Peak1D F1="0.343025" intensity="2.910063e-003" type="0"/>
    <Peak1D F1="0.303596" intensity="2.714776e-003" type="0"/>
    <Peak1D F1="0.292960" intensity="2.620556e-003" type="0"/>
    <Peak1D F1="0.289525" intensity="2.617482e-003" type="0"/>
    <Peak1D F1="0.268471" intensity="2.533979e-003" type="0"/>
    <Peak1D F1="0.248644" intensity="2.550873e-003" type="0"/>
    <Peak1D F1="0.175545" intensity="2.182335e-003" type="0"/>
    <Peak1D F1="0.145606" intensity="2.965766e-003" type="0"/>
    <Peak1D F1="0.034982" intensity="1.409471e-003" type="0"/>
    <Peak1D F1="0.008703" intensity="1.188926e-002" type="0"/>
    <Peak1D F1="-0.000378" intensity="2.854549e-001" type="0"/>
    <Peak1D F1="-0.009624" intensity="1.627121e-002" type="0"/>
    <Peak1D F1="-0.029528" intensity="4.810367e-003" type="0"/>
    <Peak1D F1="-0.039081" intensity="3.280496e-003" type="0"/>
    <Peak1D F1="-0.042020" intensity="3.264907e-003" type="0"/>
    <Peak1D F1="-0.051300" intensity="2.936645e-003" type="0"/>
    <Peak1D F1="-0.083344" intensity="2.397415e-003" type="0"/>
    <Peak1D F1="-0.090801" intensity="2.249537e-003" type="0"/>
    <Peak1D F1="-0.103061" intensity="2.291786e-003" type="0"/>
    <Peak1D F1="-0.115139" intensity="2.118243e-003" type="0"/>
    <Peak1D F1="-0.130452" intensity="2.119049e-003" type="0"/>
    <Peak1D F1="-0.149493" intensity="2.984669e-003" type="0"/>
    <Peak1D F1="-0.167141" intensity="1.989054e-003" type="0"/>
    <Peak1D F1="-0.180857" intensity="1.980695e-003" type="0"/>
    <Peak1D F1="-0.232731" intensity="1.795807e-003" type="0"/>
    <Peak1D F1="-0.337117" intensity="1.435632e-003" type="0"/>
    <Peak1D F1="-0.354147" intensity="1.400496e-003" type="0"/>
    <Peak1D F1="-0.378414" intensity="1.515952e-003" type="0"/>
    <Peak1D F1="-0.398074" intensity="1.510891e-003" type="0"/>
    <Peak1D F1="-0.430269" intensity="1.419490e-003" type="0"/>
    <Peak1D F1="-0.445485" intensity="1.429226e-003" type="0"/>
    <Peak1D F1="-0.460742" intensity="1.445552e-003" type="0"/>
    <Peak1D F1="-0.503343" intensity="1.337185e-003" type="0"/>
    <Peak1D F1="-0.534291" intensity="1.245777e-003" type="0"/>
    <Peak1D F1="-0.588744" intensity="1.220324e-003" type="0"/>
    <Peak1D F1="-0.609427" intensity="1.215234e-003" type="0"/>
    <Peak1D F1="-0.664432" intensity="1.160814e-003" type="0"/>
    <Peak1D F1="-0.691515" intensity="1.146816e-003" type="0"/>
    <Peak1D F1="-0.726719" intensity="1.126766e-003" type="0"/>
    <Peak1D F1="-0.740624" intensity="1.099846e-003" type="0"/>
    <Peak1D F1="-0.754978" intensity="1.080105e-003" type="0"/>
    <Peak1D F1="-0.775712" intensity="1.120596e-003" type="0"/>
    <Peak1D F1="-0.797744" intensity="1.045096e-003" type="0"/>
    <Peak1D F1="-0.839955" intensity="1.067807e-003" type="0"/>
    <Peak1D F1="-0.894825" intensity="1.004675e-003" type="0"/>
    <Peak1D F1="-0.917729" intensity="1.012431e-003" type="0"/>
    <Peak1D F1="-0.981027" intensity="9.059537e-004" type="0"/>
    <Peak1D F1="-1.023624" intensity="9.110285e-004" type="0"/>
    <Peak1D F1="-1.065157" intensity="9.027378e-004" type="0"/>
    <Peak1D F1="-1.082170" intensity="8.631065e-004" type="0"/>
    <Peak1D F1="-1.130464" intensity="8.784465e-004" type="0"/>
    <Peak1D F1="-1.148624" intensity="8.686677e-004" type="0"/>
    <Peak1D F1="-1.217955" intensity="8.174654e-004" type="0"/>
    <Peak1D F1="-1.222082" intensity="8.251189e-004" type="0"/>
    <Peak1D F1="-1.243540" intensity="7.959524e-004" type="0"/>
    <Peak1D F1="-1.262245" intensity="7.969197e-004" type="0"/>
    <Peak1D F1="-1.290356" intensity="7.484961e-004" type="0"/>
    <Peak1D F1="-1.389084" intensity="8.389715e-004" type="0"/>
    <Peak1D F1="-1.478858" intensity="7.356642e-004" type="0"/>
    <Peak1D F1="-1.488318" intensity="7.560339e-004" type="0"/>
    <Peak1D F1="-1.540152" intensity="6.900870e-004" type="0"/>
    <Peak1D F1="-1.551916" intensity="6.714128e-004" type="0"/>
    <Peak1D F1="-1.584018" intensity="7.188987e-004" type="0"/>
    <Peak1D F1="-1.669745" intensity="7.375643e-004" type="0"/>
    <Peak1D F1="-1.675103" intensity="7.142799e-004" type="0"/>
    <Peak1D F1="-1.717227" intensity="6.671357e-004" type="0"/>
    <Peak1D F1="-1.757264" intensity="6.243363e-004" type="0"/>
    <Peak1D F1="-1.790100" intensity="6.187598e-004" type="0"/>
    <Peak1D F1="-1.859460" intensity="6.716105e-004" type="0"/>
    <Peak1D F1="-1.894882" intensity="6.110147e-004" type="0"/>
    <Peak1D F1="-1.944751" intensity="5.784647e-004" type="0"/>
    <Peak1D F1="-1.985943" intensity="6.055429e-004" type="0"/>
    <Peak1D F1="-2.033414" intensity="6.000929e-004" type="0"/>
    <Peak1D F1="-2.116811" intensity="5.476370e-004" type="0"/>
    <Peak1D F1="-2.135747" intensity="4.983467e-004" type="0"/>
    <Peak1D F1="-2.162637" intensity="6.717541e-004" type="0"/>
    <Peak1D F1="-2.204839" intensity="5.219879e-004" type="0"/>
    <Peak1D F1="-2.252487" intensity="5.600002e-004" type="0"/>
    <Peak1D F1="-2.306237" intensity="5.105016e-004" type="0"/>
    <Peak1D F1="-2.375091" intensity="4.763426e-004" type="0"/>
    <Peak1D F1="-2.428347" intensity="5.299407e-004" type="0"/>
    <Peak1D F1="-2.452994" intensity="5.147710e-004" type="0"/>
    <Peak1D F1="-2.496402" intensity="4.941699e-004" type="0"/>
    <Peak1D F1="-2.535106" intensity="4.953013e-004" type="0"/>
    <Peak1D F1="-2.581513" intensity="4.930834e-004" type="0"/>
    <Peak1D F1="-2.625239" intensity="4.777167e-004" type="0"/>
    <Peak1D F1="-2.682957" intensity="4.834245e-004" type="0"/>
  </PeakList1D>
</PeakList>
