<?xml version="1.0" encoding="UTF-8"?>
<PeakList>
  <PeakList1D>
    <PeakList1DHeader creator="nmrsu" date="2024-07-08T16:47:52.214+02:00" expNo="10" name="AE-252-5" owner="" procNo="1" source="/home/nmrsu/nmrdata/data/AG_Schubert/nmr">
      <PeakPickDetails>F1=15.467270ppm, F2=-35.467262ppm, MI=0.00cm, MAXI=10000.00cm, PC=12.000
      </PeakPickDetails>
    </PeakList1DHeader>
    <Peak1D F1="8.211870" intensity="2.958987e+00" type="0"/>
    <Peak1D F1="8.106185" intensity="4.429686e-01" type="0"/>
    <Peak1D F1="8.086847" intensity="8.709305e-01" type="0"/>
    <Peak1D F1="8.067531" intensity="5.405041e-01" type="0"/>
    <Peak1D F1="7.866665" intensity="1.882546e+00" type="0"/>
    <Peak1D F1="7.847238" intensity="1.502968e+00" type="0"/>
    <Peak1D F1="5.548023" intensity="1.962185e-01" type="0"/>
    <Peak1D F1="4.255695" intensity="5.474927e-01" type="0"/>
    <Peak1D F1="4.246523" intensity="7.667571e-01" type="0"/>
    <Peak1D F1="4.215165" intensity="6.894330e-01" type="0"/>
    <Peak1D F1="4.206108" intensity="9.858872e-01" type="0"/>
    <Peak1D F1="4.196961" intensity="5.766147e-01" type="0"/>
    <Peak1D F1="4.020269" intensity="1.017473e+00" type="0"/>
    <Peak1D F1="3.979818" intensity="7.177609e-01" type="0"/>
    <Peak1D F1="3.812664" intensity="4.483378e-01" type="0"/>
    <Peak1D F1="3.657926" intensity="1.342522e+01" type="0"/>
    <Peak1D F1="3.106049" intensity="4.913436e+00" type="0"/>
    <Peak1D F1="3.101763" intensity="6.179479e+00" type="0"/>
    <Peak1D F1="3.097315" intensity="4.307084e+00" type="0"/>
    <Peak1D F1="2.939321" intensity="3.127666e+00" type="0"/>
    <Peak1D F1="2.934983" intensity="5.394730e+00" type="0"/>
    <Peak1D F1="2.930439" intensity="7.080257e+00" type="0"/>
    <Peak1D F1="2.925845" intensity="4.878262e+00" type="0"/>
    <Peak1D F1="2.921317" intensity="2.326024e+00" type="0"/>
    <Peak1D F1="2.354409" intensity="2.137515e-01" type="0"/>
    <Peak1D F1="2.336025" intensity="3.386039e-01" type="0"/>
    <Peak1D F1="2.317103" intensity="2.182132e-01" type="0"/>
    <Peak1D F1="2.230474" intensity="2.264838e-01" type="0"/>
    <Peak1D F1="1.983437" intensity="2.766224e-01" type="0"/>
    <Peak1D F1="1.967178" intensity="5.332333e-01" type="0"/>
    <Peak1D F1="1.951044" intensity="2.911554e-01" type="0"/>
    <Peak1D F1="1.879885" intensity="2.412418e-01" type="0"/>
    <Peak1D F1="1.848145" intensity="2.551447e-01" type="0"/>
    <Peak1D F1="1.778026" intensity="3.680993e-01" type="0"/>
    <Peak1D F1="1.745423" intensity="4.758316e-01" type="0"/>
    <Peak1D F1="1.727529" intensity="3.833572e-01" type="0"/>
    <Peak1D F1="1.648815" intensity="5.493962e-01" type="0"/>
    <Peak1D F1="1.569656" intensity="1.018496e+01" type="0"/>
    <Peak1D F1="1.553350" intensity="1.500000e+01" type="0"/>
    <Peak1D F1="1.537059" intensity="9.734340e+00" type="0"/>
    <Peak1D F1="1.520485" intensity="9.793681e+00" type="0"/>
    <Peak1D F1="1.504547" intensity="1.431707e+01" type="0"/>
    <Peak1D F1="1.488296" intensity="9.321783e+00" type="0"/>
    <Peak1D F1="1.461844" intensity="1.358742e+00" type="0"/>
    <Peak1D F1="1.414787" intensity="3.874004e-01" type="0"/>
    <Peak1D F1="1.399023" intensity="5.559656e-01" type="0"/>
    <Peak1D F1="1.384262" intensity="5.946815e-01" type="0"/>
    <Peak1D F1="1.369441" intensity="5.705792e-01" type="0"/>
    <Peak1D F1="1.354557" intensity="4.571052e-01" type="0"/>
    <Peak1D F1="1.261157" intensity="1.340879e-01" type="0"/>
    <Peak1D F1="1.225197" intensity="6.342723e-02" type="0"/>
    <Peak1D F1="1.073811" intensity="4.049003e-01" type="0"/>
    <Peak1D F1="1.057822" intensity="8.310310e-01" type="0"/>
    <Peak1D F1="1.040456" intensity="3.755686e-01" type="0"/>
    <Peak1D F1="0.326907" intensity="8.057863e-02" type="0"/>
  </PeakList1D>
</PeakList>
