<?xml version="1.0" encoding="UTF-8"?>
<PeakList>
  <PeakList1D>
    <PeakList1DHeader creator="nmrsu" date="2024-04-10T12:14:40.827+02:00" expNo="10" name="AE-252-1" owner="" procNo="1" source="/home/nmrsu/nmrdata/data/AG_Schubert/nmr">
      <PeakPickDetails>F1=19.969290ppm, F2=-3.969290ppm, MI=0.00cm, MAXI=10000.00cm, PC=12.000
      </PeakPickDetails>
    </PeakList1DHeader>
    <Peak1D F1="4.838921" intensity="1.063194e+00" type="0"/>
    <Peak1D F1="4.402928" intensity="1.500000e+01" type="0"/>
  </PeakList1D>
</PeakList>
