<?xml version="1.0" encoding="UTF-8"?>
<PeakList>
  <PeakList1D>
    <PeakList1DHeader creator="nmrsu" date="2024-07-08T19:50:10.316+02:00" expNo="11" name="AE-252-5" owner="" procNo="1" source="/home/nmrsu/nmrdata/data/AG_Schubert/nmr">
      <PeakPickDetails>F1=303.084503ppm, F2=-103.084557ppm, MI=0.00cm, MAXI=10000.00cm, PC=1.400
      </PeakPickDetails>
    </PeakList1DHeader>
    <Peak1D F1="67.902161" intensity="1.500000e+01" type="0"/>
    <Peak1D F1="65.861855" intensity="1.187057e-01" type="0"/>
    <Peak1D F1="61.308472" intensity="1.010721e-01" type="0"/>
    <Peak1D F1="59.758793" intensity="1.175285e-01" type="0"/>
  </PeakList1D>
</PeakList>
