<?xml version="1.0" encoding="UTF-8"?>
<PeakList>
  <PeakList1D>
    <PeakList1DHeader creator="nmrsu" date="2025-04-02T15:38:19.302+02:00" expNo="10" name="ae-456-1-1" owner="" procNo="1" source="/home/nmrsu/nmrdata/data/AG_Schubert/nmr">
      <PeakPickDetails>F1=16.750660ppm, F2=-4.980645ppm, MI=0.10cm, MAXI=10000.00cm, PC=1.000
      </PeakPickDetails>
    </PeakList1DHeader>
    <Peak1D F1="7.619972" intensity="4.405607e-01" type="0"/>
    <Peak1D F1="7.604435" intensity="9.424709e-01" type="0"/>
    <Peak1D F1="7.588910" intensity="5.730193e-01" type="0"/>
    <Peak1D F1="7.328908" intensity="1.805341e+00" type="0"/>
    <Peak1D F1="7.313366" intensity="1.644574e+00" type="0"/>
    <Peak1D F1="3.855155" intensity="4.214750e-01" type="0"/>
    <Peak1D F1="3.847706" intensity="6.943544e-01" type="0"/>
    <Peak1D F1="3.840236" intensity="4.431062e-01" type="0"/>
    <Peak1D F1="3.822770" intensity="5.857032e-01" type="0"/>
    <Peak1D F1="3.815334" intensity="9.426970e-01" type="0"/>
    <Peak1D F1="3.807881" intensity="6.024430e-01" type="0"/>
    <Peak1D F1="3.587584" intensity="5.509009e-01" type="0"/>
    <Peak1D F1="3.580667" intensity="8.855185e-01" type="0"/>
    <Peak1D F1="3.573698" intensity="5.860545e-01" type="0"/>
    <Peak1D F1="3.566872" intensity="1.563458e-01" type="0"/>
    <Peak1D F1="3.553775" intensity="5.817551e-01" type="0"/>
    <Peak1D F1="3.548435" intensity="8.008468e-01" type="0"/>
    <Peak1D F1="3.541340" intensity="5.335300e-01" type="0"/>
    <Peak1D F1="1.998677" intensity="1.076795e-01" type="0"/>
    <Peak1D F1="1.877629" intensity="5.254197e+00" type="0"/>
    <Peak1D F1="1.870352" intensity="1.672804e+00" type="0"/>
    <Peak1D F1="1.865277" intensity="2.215232e+00" type="0"/>
    <Peak1D F1="1.863201" intensity="3.909783e+00" type="0"/>
    <Peak1D F1="1.860176" intensity="3.000418e+00" type="0"/>
    <Peak1D F1="1.858270" intensity="7.242115e+00" type="0"/>
    <Peak1D F1="1.853322" intensity="1.028363e+01" type="0"/>
    <Peak1D F1="1.848377" intensity="7.079273e+00" type="0"/>
    <Peak1D F1="1.843435" intensity="3.631930e+00" type="0"/>
    <Peak1D F1="1.726698" intensity="1.062781e-01" type="0"/>
    <Peak1D F1="1.720634" intensity="1.380648e-01" type="0"/>
    <Peak1D F1="1.713521" intensity="2.670857e-01" type="0"/>
    <Peak1D F1="1.706255" intensity="1.115518e-01" type="0"/>
    <Peak1D F1="1.550009" intensity="1.573128e-01" type="0"/>
    <Peak1D F1="1.522582" intensity="1.605204e-01" type="0"/>
    <Peak1D F1="1.456628" intensity="1.098206e-01" type="0"/>
    <Peak1D F1="1.430216" intensity="1.316529e-01" type="0"/>
    <Peak1D F1="1.423290" intensity="1.721010e-01" type="0"/>
    <Peak1D F1="1.396477" intensity="1.597295e-01" type="0"/>
    <Peak1D F1="1.390197" intensity="1.339870e-01" type="0"/>
    <Peak1D F1="1.380978" intensity="1.371636e-01" type="0"/>
    <Peak1D F1="1.367655" intensity="1.543628e-01" type="0"/>
    <Peak1D F1="1.362337" intensity="1.556302e-01" type="0"/>
    <Peak1D F1="1.353845" intensity="1.608849e-01" type="0"/>
    <Peak1D F1="1.348826" intensity="1.637208e-01" type="0"/>
    <Peak1D F1="1.344389" intensity="1.809715e-01" type="0"/>
    <Peak1D F1="1.339619" intensity="1.544954e-01" type="0"/>
    <Peak1D F1="1.327984" intensity="1.846463e-01" type="0"/>
    <Peak1D F1="1.317119" intensity="3.142136e-01" type="0"/>
    <Peak1D F1="1.314467" intensity="2.837440e-01" type="0"/>
    <Peak1D F1="1.308606" intensity="2.184880e-01" type="0"/>
    <Peak1D F1="1.304718" intensity="2.471855e-01" type="0"/>
    <Peak1D F1="1.294126" intensity="3.117799e-01" type="0"/>
    <Peak1D F1="1.285325" intensity="2.966959e-01" type="0"/>
    <Peak1D F1="1.282525" intensity="2.805584e-01" type="0"/>
    <Peak1D F1="1.278714" intensity="3.306819e-01" type="0"/>
    <Peak1D F1="1.255553" intensity="1.139939e+01" type="0"/>
    <Peak1D F1="1.249768" intensity="2.918374e+00" type="0"/>
    <Peak1D F1="1.242432" intensity="1.453547e+01" type="0"/>
    <Peak1D F1="1.233702" intensity="3.176816e+00" type="0"/>
    <Peak1D F1="1.229217" intensity="1.154807e+01" type="0"/>
    <Peak1D F1="1.204871" intensity="1.115405e+01" type="0"/>
    <Peak1D F1="1.199734" intensity="3.261255e+00" type="0"/>
    <Peak1D F1="1.191927" intensity="1.500000e+01" type="0"/>
    <Peak1D F1="1.183449" intensity="3.590539e+00" type="0"/>
    <Peak1D F1="1.178920" intensity="1.134586e+01" type="0"/>
    <Peak1D F1="1.161815" intensity="6.706158e-01" type="0"/>
    <Peak1D F1="1.147447" intensity="4.596226e-01" type="0"/>
    <Peak1D F1="1.131283" intensity="5.082158e-01" type="0"/>
    <Peak1D F1="1.124396" intensity="5.667969e-01" type="0"/>
    <Peak1D F1="1.122143" intensity="5.395329e-01" type="0"/>
    <Peak1D F1="1.114349" intensity="5.395413e-01" type="0"/>
    <Peak1D F1="1.106126" intensity="4.924141e-01" type="0"/>
    <Peak1D F1="1.098180" intensity="6.227920e-01" type="0"/>
    <Peak1D F1="1.092697" intensity="5.657808e-01" type="0"/>
    <Peak1D F1="1.086464" intensity="5.177114e-01" type="0"/>
    <Peak1D F1="1.078327" intensity="4.759524e-01" type="0"/>
    <Peak1D F1="1.062671" intensity="3.133098e-01" type="0"/>
    <Peak1D F1="1.049836" intensity="2.987808e-01" type="0"/>
    <Peak1D F1="1.017961" intensity="1.428960e+00" type="0"/>
    <Peak1D F1="0.993828" intensity="1.766813e+00" type="0"/>
    <Peak1D F1="0.954630" intensity="2.957373e-01" type="0"/>
    <Peak1D F1="0.940827" intensity="1.487993e-01" type="0"/>
    <Peak1D F1="0.927017" intensity="1.742802e-01" type="0"/>
    <Peak1D F1="0.916469" intensity="1.273615e-01" type="0"/>
    <Peak1D F1="0.881162" intensity="1.169595e-01" type="0"/>
    <Peak1D F1="0.859078" intensity="1.186499e-01" type="0"/>
    <Peak1D F1="0.832800" intensity="1.155150e-01" type="0"/>
    <Peak1D F1="0.810153" intensity="3.232598e-01" type="0"/>
    <Peak1D F1="0.796540" intensity="7.657805e-01" type="0"/>
    <Peak1D F1="0.782287" intensity="3.617447e-01" type="0"/>
  </PeakList1D>
</PeakList>
