<?xml version="1.0" encoding="UTF-8"?>
<PeakList>
  <PeakList1D>
    <PeakList1DHeader creator="nmrsu" date="2025-08-01T04:01:11.254+02:00" expNo="11" name="AE-157-3" owner="" procNo="1" source="/home/nmrsu/nmrdata/data/AG_Schubert/nmr">
      <PeakPickDetails>F1=256.180389ppm, F2=-26.180302ppm, MI=0.00cm, MAXI=10000.00cm, PC=1.400
      </PeakPickDetails>
    </PeakList1DHeader>
    <Peak1D F1="205.240677" intensity="5.687870e-02" type="0"/>
    <Peak1D F1="205.119736" intensity="8.550463e-02" type="0"/>
    <Peak1D F1="165.558472" intensity="2.064439e-01" type="0"/>
    <Peak1D F1="165.535599" intensity="3.357551e-01" type="0"/>
    <Peak1D F1="137.504471" intensity="4.270590e-01" type="0"/>
    <Peak1D F1="121.393547" intensity="2.510863e-01" type="0"/>
    <Peak1D F1="121.353767" intensity="4.923167e-01" type="0"/>
    <Peak1D F1="121.312790" intensity="2.600302e-01" type="0"/>
    <Peak1D F1="54.059338" intensity="4.113348e+00" type="0"/>
    <Peak1D F1="53.789268" intensity="8.674519e+00" type="0"/>
    <Peak1D F1="53.519451" intensity="1.250000e+01" type="0"/>
    <Peak1D F1="53.247982" intensity="8.481535e+00" type="0"/>
    <Peak1D F1="52.978382" intensity="4.289514e+00" type="0"/>
    <Peak1D F1="39.219261" intensity="2.164789e-01" type="0"/>
    <Peak1D F1="39.164276" intensity="4.295909e-01" type="0"/>
    <Peak1D F1="39.105995" intensity="2.471202e-01" type="0"/>
    <Peak1D F1="38.203838" intensity="2.330104e-01" type="0"/>
    <Peak1D F1="38.135544" intensity="4.380398e-01" type="0"/>
    <Peak1D F1="38.067265" intensity="2.201359e-01" type="0"/>
    <Peak1D F1="37.615124" intensity="2.512243e-01" type="0"/>
    <Peak1D F1="37.547806" intensity="4.458435e-01" type="0"/>
    <Peak1D F1="37.483650" intensity="2.136968e-01" type="0"/>
    <Peak1D F1="31.862022" intensity="2.587993e-01" type="0"/>
    <Peak1D F1="31.151291" intensity="6.677194e-02" type="0"/>
    <Peak1D F1="30.860165" intensity="1.943499e+00" type="0"/>
    <Peak1D F1="30.539789" intensity="7.083114e-02" type="0"/>
    <Peak1D F1="30.298885" intensity="1.842574e+00" type="0"/>
    <Peak1D F1="28.998177" intensity="1.752050e-01" type="0"/>
    <Peak1D F1="22.673510" intensity="3.254152e-01" type="0"/>
    <Peak1D F1="13.855798" intensity="2.587562e-01" type="0"/>
  </PeakList1D>
</PeakList>
