<?xml version="1.0" encoding="UTF-8"?>
<PeakList>
  <PeakList1D>
    <PeakList1DHeader creator="nmrsu" date="2025-04-02T18:10:55.700+02:00" expNo="17" name="ae-456-1-1" owner="" procNo="1" source="/home/nmrsu/nmrdata/data/AG_Schubert/nmr">
      <PeakPickDetails>F1=250.466507ppm, F2=-9.370200ppm, MI=0.00cm, MAXI=10000.00cm, PC=1.400
      </PeakPickDetails>
    </PeakList1DHeader>
    <Peak1D F1="210.938697" intensity="-1.486115e-01" type="0"/>
    <Peak1D F1="210.846767" intensity="-1.171345e-01" type="0"/>
    <Peak1D F1="165.815540" intensity="1.724900e-01" type="0"/>
    <Peak1D F1="165.598189" intensity="3.381332e-01" type="0"/>
    <Peak1D F1="139.041909" intensity="-1.313568e+00" type="0"/>
    <Peak1D F1="121.958907" intensity="-7.614639e-01" type="0"/>
    <Peak1D F1="121.928978" intensity="-1.403154e+00" type="0"/>
    <Peak1D F1="121.898948" intensity="-7.222725e-01" type="0"/>
    <Peak1D F1="117.887065" intensity="1.500000e+01" type="0"/>
    <Peak1D F1="37.629128" intensity="2.354512e-01" type="0"/>
    <Peak1D F1="37.590053" intensity="1.829344e-01" type="0"/>
    <Peak1D F1="37.145532" intensity="-1.286442e-01" type="0"/>
    <Peak1D F1="37.096173" intensity="-1.994019e-01" type="0"/>
    <Peak1D F1="36.827930" intensity="-4.648938e-01" type="0"/>
    <Peak1D F1="36.770921" intensity="-5.920311e-01" type="0"/>
    <Peak1D F1="36.750601" intensity="6.893378e-01" type="0"/>
    <Peak1D F1="36.693654" intensity="6.723820e-01" type="0"/>
    <Peak1D F1="34.507364" intensity="1.205472e-01" type="0"/>
    <Peak1D F1="30.012109" intensity="2.866612e+00" type="0"/>
    <Peak1D F1="29.991557" intensity="2.589347e+00" type="0"/>
    <Peak1D F1="29.961976" intensity="-8.154121e-01" type="0"/>
    <Peak1D F1="29.933897" intensity="1.425346e+00" type="0"/>
    <Peak1D F1="29.886459" intensity="-2.631510e+00" type="0"/>
    <Peak1D F1="27.917227" intensity="-1.390244e-01" type="0"/>
    <Peak1D F1="27.514986" intensity="-1.232123e-01" type="0"/>
    <Peak1D F1="1.392774" intensity="-1.602970e+00" type="0"/>
    <Peak1D F1="1.228266" intensity="-4.474635e+00" type="0"/>
    <Peak1D F1="1.062240" intensity="-9.933858e+00" type="0"/>
    <Peak1D F1="1.042556" intensity="2.345435e+00" type="0"/>
    <Peak1D F1="0.896060" intensity="-1.095467e+01" type="0"/>
    <Peak1D F1="0.876948" intensity="2.501428e+00" type="0"/>
    <Peak1D F1="0.729972" intensity="-8.929747e+00" type="0"/>
    <Peak1D F1="0.712967" intensity="2.404153e+00" type="0"/>
    <Peak1D F1="0.564225" intensity="-3.441025e+00" type="0"/>
    <Peak1D F1="0.402474" intensity="-6.719877e-01" type="0"/>
    <Peak1D F1="0.383796" intensity="1.049178e+00" type="0"/>
  </PeakList1D>
</PeakList>
