<?xml version="1.0" encoding="UTF-8"?>
<PeakList>
  <PeakList1D>
    <PeakList1DHeader creator="nmrsu" date="2025-03-12T11:13:30.765+01:00" expNo="10" name="AE-456-1" owner="" procNo="1" source="/home/nmrsu/nmrdata/data/AG_Schubert/nmr">
      <PeakPickDetails>F1=14.991880ppm, F2=-34.991875ppm, MI=0.00cm, MAXI=10000.00cm, PC=12.000
      </PeakPickDetails>
    </PeakList1DHeader>
    <Peak1D F1="7.839870" intensity="4.238153e-02" type="0"/>
    <Peak1D F1="7.820565" intensity="8.533681e-02" type="0"/>
    <Peak1D F1="7.801198" intensity="5.402165e-02" type="0"/>
    <Peak1D F1="7.575795" intensity="1.673781e-01" type="0"/>
    <Peak1D F1="7.556370" intensity="1.408319e-01" type="0"/>
    <Peak1D F1="3.910927" intensity="6.681612e-02" type="0"/>
    <Peak1D F1="3.870068" intensity="9.295395e-02" type="0"/>
    <Peak1D F1="3.746767" intensity="9.590311e-02" type="0"/>
    <Peak1D F1="3.705826" intensity="6.563761e-02" type="0"/>
    <Peak1D F1="3.330328" intensity="1.500000e+01" type="0"/>
    <Peak1D F1="2.676416" intensity="1.002228e-01" type="0"/>
    <Peak1D F1="2.511379" intensity="6.797467e+00" type="0"/>
    <Peak1D F1="2.507377" intensity="8.433158e+00" type="0"/>
    <Peak1D F1="2.503434" intensity="6.138371e+00" type="0"/>
    <Peak1D F1="2.334077" intensity="5.894211e-02" type="0"/>
    <Peak1D F1="1.308042" intensity="7.640290e-01" type="0"/>
    <Peak1D F1="1.291775" intensity="1.185319e+00" type="0"/>
    <Peak1D F1="1.275392" intensity="7.451234e-01" type="0"/>
    <Peak1D F1="1.237810" intensity="7.832278e-01" type="0"/>
    <Peak1D F1="1.221724" intensity="1.113123e+00" type="0"/>
    <Peak1D F1="1.205806" intensity="6.469961e-01" type="0"/>
    <Peak1D F1="1.027205" intensity="7.693684e-02" type="0"/>
    <Peak1D F1="0.863956" intensity="7.876735e-02" type="0"/>
    <Peak1D F1="0.089806" intensity="8.135022e-02" type="0"/>
  </PeakList1D>
</PeakList>
