<?xml version="1.0" encoding="UTF-8"?>
<PeakList>
  <PeakList1D>
    <PeakList1DHeader creator="nmrsu" date="2024-04-10T12:43:19.053+02:00" expNo="11" name="AE-252-1" owner="" procNo="1" source="/home/nmrsu/nmrdata/data/AG_Schubert/nmr">
      <PeakPickDetails>F1=16.649290ppm, F2=-7.289290ppm, MI=0.00cm, MAXI=10000.00cm, PC=12.000
      </PeakPickDetails>
    </PeakList1DHeader>
    <Peak1D F1="7.534451" intensity="5.911258e-04" type="0"/>
    <Peak1D F1="7.385693" intensity="4.089138e-03" type="0"/>
    <Peak1D F1="7.365956" intensity="1.136231e-02" type="0"/>
    <Peak1D F1="7.346031" intensity="7.915904e-03" type="0"/>
    <Peak1D F1="7.293228" intensity="9.496750e-04" type="0"/>
    <Peak1D F1="7.116114" intensity="2.642509e-02" type="0"/>
    <Peak1D F1="7.096143" intensity="1.923495e-02" type="0"/>
    <Peak1D F1="4.838657" intensity="1.582863e-02" type="0"/>
    <Peak1D F1="4.516263" intensity="7.119509e-03" type="0"/>
    <Peak1D F1="4.417652" intensity="5.541144e-02" type="0"/>
    <Peak1D F1="4.413553" intensity="4.584528e-02" type="0"/>
    <Peak1D F1="4.393072" intensity="1.500000e+01" type="0"/>
    <Peak1D F1="4.259477" intensity="1.996454e-03" type="0"/>
    <Peak1D F1="3.532348" intensity="3.968584e-03" type="0"/>
    <Peak1D F1="3.490916" intensity="1.501619e-02" type="0"/>
    <Peak1D F1="3.461514" intensity="1.482132e-02" type="0"/>
    <Peak1D F1="3.420010" intensity="3.929632e-03" type="0"/>
    <Peak1D F1="3.363142" intensity="2.754217e-03" type="0"/>
    <Peak1D F1="3.346240" intensity="6.431597e-03" type="0"/>
    <Peak1D F1="3.329696" intensity="3.122270e-03" type="0"/>
    <Peak1D F1="3.284743" intensity="1.837363e-03" type="0"/>
    <Peak1D F1="1.997403" intensity="7.112559e-04" type="0"/>
    <Peak1D F1="1.652420" intensity="7.938623e-04" type="0"/>
    <Peak1D F1="1.497550" intensity="2.795754e-03" type="0"/>
    <Peak1D F1="1.488342" intensity="3.125155e-03" type="0"/>
    <Peak1D F1="1.480409" intensity="6.541299e-03" type="0"/>
    <Peak1D F1="1.463051" intensity="2.419187e-03" type="0"/>
    <Peak1D F1="1.207718" intensity="1.722567e-03" type="0"/>
    <Peak1D F1="1.175410" intensity="3.519922e-03" type="0"/>
    <Peak1D F1="1.141342" intensity="1.989453e-03" type="0"/>
    <Peak1D F1="1.113977" intensity="1.466129e-03" type="0"/>
    <Peak1D F1="1.082358" intensity="1.728385e-03" type="0"/>
    <Peak1D F1="1.037199" intensity="3.139949e-03" type="0"/>
    <Peak1D F1="1.014828" intensity="4.404093e-03" type="0"/>
    <Peak1D F1="1.002978" intensity="5.130930e-03" type="0"/>
    <Peak1D F1="0.972504" intensity="1.095189e-01" type="0"/>
    <Peak1D F1="0.955426" intensity="1.756466e-01" type="0"/>
    <Peak1D F1="0.938458" intensity="1.138757e-01" type="0"/>
    <Peak1D F1="0.901272" intensity="8.053956e-03" type="0"/>
    <Peak1D F1="0.873492" intensity="1.092752e-01" type="0"/>
    <Peak1D F1="0.856889" intensity="1.727514e-01" type="0"/>
    <Peak1D F1="0.840408" intensity="1.077276e-01" type="0"/>
    <Peak1D F1="0.811397" intensity="7.069690e-03" type="0"/>
    <Peak1D F1="0.794080" intensity="5.692468e-03" type="0"/>
    <Peak1D F1="0.781226" intensity="4.484186e-03" type="0"/>
    <Peak1D F1="0.757141" intensity="1.319943e-02" type="0"/>
    <Peak1D F1="0.724053" intensity="1.362313e-02" type="0"/>
    <Peak1D F1="0.687594" intensity="4.433914e-03" type="0"/>
    <Peak1D F1="0.646720" intensity="3.001542e-03" type="0"/>
    <Peak1D F1="0.629186" intensity="1.792505e-03" type="0"/>
    <Peak1D F1="0.612062" intensity="1.604826e-03" type="0"/>
    <Peak1D F1="0.598179" intensity="1.502290e-03" type="0"/>
  </PeakList1D>
</PeakList>
