x,.,.(SD)
499,-6.617565571664165e-7,0
502,-0.0006692358467977673,0
505,0.0007801234033563969,0
508,0.0005913829015324828,0
511,-0.0001781261423670872,0
514,-0.0006957289345096091,0
517,-0.00047207392811713706,0
520,0.0010068769827074084,0
523,0.000293864590439784,0
526,-0.00018080322669142618,0
529,0.0009755703644287083,0
532,0.0015621030979260846,0
535,0.002931313713112307,0
538,0.004338267549813112,0
541,0.004227019119378007,0
544,0.006144124900288423,0
547,0.005074315944560228,0
550,0.002382094974280135,0
553,0.0018067757350327272,0
556,0.0036875293728496784,0
559,0.003886948752631472,0
562,0.004507472632331936,0
565,0.007607370103568489,0
568,0.010179915199656794,0
571,0.010758375772329602,0
574,0.012001788228006207,0
577,0.012261371072457236,0
580,0.012255652783096562,0
583,0.014991117662853852,0
586,0.017531163895939523,0
589,0.01895314034066082,0
592,0.01687992101609336,0
595,0.013690547504354346,0
598,0.013414380357584162,0
601,0.017581874749154652,0
604,0.018666638782508953,0
607,0.012945676432559112,0
610,0.011439715332991506,0
613,0.015130209487213433,0
616,0.01902142738728589,0
619,0.017464156191408307,0
622,0.014444423639632152,0
625,0.007735032864043874,0
628,0.003046933113683337,0
631,0.0015522259920311907,0
634,0.0006688415426390338,0
637,0.000883867563795598,0
640,0.00003635264473825173,0
643,-0.00019967988114770368,0
646,-0.0005051641593425337,0
649,0.00005891520923991302,0
652,0.0018256683718020214,0
655,0.0013606149821976956,0
658,0.002066075977838889,0
661,0.0017899920121502099,0
664,0.0013118212877856479,0
667,0.0019685766459613873,0
670,0.002699416651901488,0
673,0.002647812434678888,0
676,0.0026718996871312583,0
679,0.003785289431362255,0
682,0.002960960636993884,0
685,0.00339212195399518,0
688,0.003921531508805155,0
691,0.0038858568898996987,0
694,0.0037465518420760134,0
697,0.004872882543515,0
700,0.00604242198058652,0
703,0.0077076470278947444,0
706,0.009226247226195059,0
709,0.010840511451344053,0
712,0.01308767125549641,0
715,0.014639363002884263,0
718,0.013214784376980052,0
721,0.008941552351104477,0
724,0.006980599338740138,0
727,0.006337768498034575,0
730,0.006770989652186112,0
733,0.00641464576859197,0
736,0.006197190917048254,0
739,0.0067122684574610165,0
742,0.008823433057387985,0
745,0.010192779018170854,0
748,0.011778781858900899,0
751,0.014398177415065373,0
754,0.016566381114506874,0
757,0.018047304938742872,0
760,0.018474098026522653,0
763,0.019091326727407376,0
766,0.0177874469010516,0
769,0.016582821230776274,0
772,0.016796913572308236,0
775,0.017859467707168057,0
778,0.018749952717071132,0
781,0.019266274460678485,0
784,0.019230557374886482,0
787,0.01978425261933194,0
790,0.02047251048947643,0
793,0.021218011205678188,0
796,0.020616611424399637,0
799,0.02208139720398681,0
802,0.026197443903062327,0
805,0.03042189970969018,0
808,0.03147179264665184,0
811,0.029799454671205657,0
814,0.027337844925238997,0
817,0.026960335718633863,0
820,0.028379709230513455,0
823,0.028596352715209657,0
826,0.027488105852854897,0
829,0.024073336766449228,0
832,0.023170908524971112,0
835,0.027488599011752494,0
838,0.03539040827004751,0
841,0.03986797289278053,0
844,0.037740757561030264,0
847,0.03495642963377076,0
850,0.021248986566246957,0
853,0.00614993098145495,0
856,0.00038584355921748094,0
859,-0.0008694311588148798,0
862,0.0012374502658435442,0
865,0.001198031519756082,0
868,0.0007269509685331019,0
871,0.0008451711331444174,0
874,0.0007762887575575607,0
877,0.0005579927202680507,0
880,0.00032026936920221067,0
883,0.0006906695591314024,0
886,0.0015904424650474997,0
889,0.001655414038795948,0
892,0.002404863393686309,0
895,0.0034337612864175087,0
898,0.0031129745044563774,0
901,0.004001409009515829,0
904,0.004451309051560241,0
907,0.004566639635415867,0
910,0.0056753440114756335,0
913,0.006577137564838304,0
916,0.007469171937775938,0
919,0.008538758125345523,0
922,0.010191459105928287,0
925,0.013797461366853536,0
928,0.018365173215689982,0
931,0.022549779727324335,0
934,0.023936843242174384,0
937,0.020323905201069373,0
940,0.015616145666777078,0
943,0.012153745701552334,0
946,0.010568393430980793,0
949,0.012854274936210105,0
952,0.017086234775982367,0
955,0.01868255053853726,0
958,0.013265475544262929,0
961,0.007793296983598014,0
964,0.005226512566226724,0
967,0.003981545501372413,0
970,0.0036599601967657893,0
973,0.00423922533219057,0
976,0.00484212054129779,0
979,0.0063273367479076085,0
982,0.007299911601517467,0
985,0.008390043412152123,0
988,0.008606947395840413,0
991,0.009622467557760538,0
994,0.01187701152990013,0
997,0.012475397683808809,0
1000,0.01293389129539614,0
1003,0.014603676050331497,0
1006,0.01771640832528592,0
1009,0.021515313161128202,0
1012,0.02534222126293663,0
1015,0.030071435739905186,0
1018,0.03243550667032805,0
1021,0.02792345261408415,0
1024,0.02196203068397945,0
1027,0.01874797681655146,0
1030,0.014813801164301744,0
1033,0.010329787058799418,0
1036,0.008158614160799185,0
1039,0.006932831030943959,0
1042,0.007094320092120782,0
1045,0.007728748087430343,0
1048,0.007890235259937208,0
1051,0.008560045277150397,0
1054,0.00925783835065526,0
1057,0.00990537918685095,0
1060,0.009587624752076728,0
1063,0.009392773504084616,0
1066,0.008859396936242842,0
1069,0.009121208437547585,0
1072,0.009518124669835298,0
1075,0.009947142634487049,0
1078,0.01041892674965907,0
1081,0.010763012054744702,0
1084,0.011982787574927142,0
1087,0.01332331208134897,0
1090,0.014053524545689021,0
1093,0.014824703492321767,0
1096,0.016232909918104527,0
1099,0.017602209634475438,0
1102,0.01728764382932533,0
1105,0.015381130288373273,0
1108,0.013866415370430051,0
1111,0.01393744066863762,0
1114,0.014297145011545418,0
1117,0.014564588192211021,0
1120,0.015275674454693935,0
1123,0.015428556296798195,0
1126,0.016212235313003854,0
1129,0.01718660946960901,0
1132,0.01823851602639992,0
1135,0.019224912066635125,0
1138,0.020941011497997344,0
1141,0.021649458260613503,0
1144,0.022559871446131592,0
1147,0.024640015027943718,0
1150,0.026576038919249246,0
1153,0.02903716785710983,0
1156,0.032545866320283064,0
1159,0.03745623354636251,0
1162,0.04099281420271985,0
1165,0.04360170294525665,0
1168,0.0464444747412782,0
1171,0.05017917828467261,0
1174,0.05501533391338721,0
1177,0.05819919006956442,0
1180,0.05374962916513615,0
1183,0.04015484343340521,0
1186,0.025410802189964655,0
1189,0.017736780270430064,0
1192,0.014406666907976588,0
1195,0.013912118291285394,0
1198,0.01336702928419195,0
1201,0.0099391045515283,0
1204,0.006810256604704749,0
1207,0.00524315961632347,0
1210,0.004521680079344501,0
1213,0.004540780016040861,0
1216,0.004904225982669149,0
1219,0.0056263742548678854,0
1222,0.006669487895530528,0
1225,0.0066281489371236455,0
1228,0.007110245839023243,0
1231,0.008275726875816476,0
1234,0.00879319724487469,0
1237,0.009436763874571064,0
1240,0.010796917270601244,0
1243,0.011807222379651641,0
1246,0.012372664176030973,0
1249,0.01294884547522893,0
1252,0.014019975935142747,0
1255,0.015327292555652574,0
1258,0.016392862578183155,0
1261,0.016895167685012147,0
1264,0.01746572726033375,0
1267,0.019331563018158228,0
1270,0.02162470808677746,0
1273,0.023297976349982295,0
1276,0.023179211882722924,0
1279,0.021389627646074716,0
1282,0.018453799668523247,0
1285,0.01565793724157643,0
1288,0.01385351162527501,0
1291,0.01374206733761635,0
1294,0.014055835059157149,0
1297,0.014390402517109505,0
1300,0.014730858195807313,0
1303,0.014800601457071263,0
1306,0.014797221537067336,0
1309,0.014861635516979733,0
1312,0.01546376830946186,0
1315,0.015511675594209377,0
1318,0.015712902252668862,0
1321,0.015803352209397936,0
1324,0.016521459105627724,0
1327,0.017309848981026645,0
1330,0.018035673676640367,0
1333,0.01871902735655012,0
1336,0.02005141506907858,0
1339,0.022058828252969745,0
1342,0.022651293063491094,0
1345,0.024097376559665158,0
1348,0.026594299903352638,0
1351,0.029795293811880424,0
1354,0.03482151824821423,0
1357,0.04319218935963262,0
1360,0.053873359985533366,0
1363,0.06048030199818578,0
1366,0.06401724301978258,0
1369,0.06205101471154697,0
1372,0.053551829912286755,0
1375,0.044936580411892094,0
1378,0.04339867284510522,0
1381,0.04221922655999912,0
1384,0.04202438438692826,0
1387,0.047643083914868954,0
1390,0.05280438036307648,0
1393,0.04968043667836018,0
1396,0.044285577125461946,0
1399,0.037204988901802585,0
1402,0.03608648633542985,0
1405,0.030162933071133886,0
1408,0.024093321087844052,0
1411,0.02491312805106167,0
1414,0.02756410499693653,0
1417,0.03136834491985546,0
1420,0.032848975709227346,0
1423,0.034500791395229345,0
1426,0.03521917823286678,0
1429,0.03708207579972629,0
1432,0.040365622130988925,0
1435,0.04540663878021936,0
1438,0.05050160020147217,0
1441,0.05500766915303005,0
1444,0.06074253061472413,0
1447,0.06798531501357424,0
1450,0.0761930112627598,0
1453,0.08517149219894578,0
1456,0.0921638880116185,0
1459,0.08803115284556548,0
1462,0.07422072577514648,0
1465,0.06045629911549225,0
1468,0.05554626478936011,0
1471,0.05554186923634012,0
1474,0.054315545054895414,0
1477,0.049367658184007415,0
1480,0.04224562652020318,0
1483,0.033024540798155894,0
1486,0.02180060338472164,0
1489,0.011147699147995996,0
1492,0.004222964381676541,0
1495,0.003943830678300509,0
1498,0.004144504918492288,0
1501,0.005482634396954224,0
1504,0.009864813464564099,0
1507,0.012162732729176281,0
1510,0.010797642982951956,0
1513,0.011185536594586412,0
1516,0.012867395390863887,0
1519,0.013636158087472814,0
1522,0.015047178028534754,0
1525,0.015465073650214194,0
1528,0.014477905927151083,0
1531,0.01617249971534377,0
1534,0.01701566188156306,0
1537,0.02047543216604773,0
1540,0.02205261178928748,0
1543,0.022459964947460286,0
1546,0.021180555412870193,0
1549,0.023702479182929254,0
1552,0.027060443947495464,0
1555,0.03345528621846964,0
1558,0.03803005072383153,0
1561,0.03873380226074733,0
1564,0.039064131474022844,0
1567,0.03495474424739153,0
1570,0.029009891074027714,0
1573,0.030548088158537597,0
1576,0.028055677581476337,0
1579,0.027948472745572602,0
1582,0.029061569378323653,0
1585,0.0334398131831603,0
1588,0.037805270346287556,0
1591,0.04142389265211977,0
1594,0.0441251193499038,0
1597,0.046532408343985615,0
1600,0.04596726204495373,0
1603,0.03766806327796369,0
1606,0.029325764596471484,0
1609,0.02497226065617607,0
1612,0.024170680601376456,0
1615,0.02493608635112527,0
1618,0.02567598427365929,0
1621,0.027114470528372306,0
1624,0.026229983997558798,0
1627,0.02704573287616598,0
1630,0.026609032550481065,0
1633,0.028730492450438568,0
1636,0.028517634842567006,0
1639,0.027486081294232013,0
1642,0.027444618122944252,0
1645,0.02921418781120699,0
1648,0.030329671971804095,0
1651,0.02960584011532342,0
1654,0.025997329504532454,0
1657,0.02674872832332859,0
1660,0.027729596044442518,0
1663,0.027766117626245937,0
1666,0.029174560471695463,0
1669,0.028760802456259848,0
1672,0.029171931794656738,0
1675,0.02583877279973459,0
1678,0.02825732746893212,0
1681,0.030843158544961155,0
1684,0.028437219344384812,0
1687,0.02750173124431929,0
1690,0.025121768049954512,0
1693,0.02615614362884879,0
1696,0.027970022091436404,0
1699,0.027137542417495483,0
1702,0.02820015507135457,0
1705,0.02701164707654667,0
1708,0.025566726863799034,0
1711,0.026635055680023934,0
1714,0.029899120580980352,0
1717,0.027983754051192338,0
1720,0.02715332845783996,0
1723,0.02603183810209163,0
1726,0.025730369747410494,0
1729,0.028813270464320237,0
1732,0.03135551583534804,0
1735,0.029307764728723356,0
1738,0.029658652857661786,0
1741,0.028241371198713044,0
1744,0.029326864116098292,0
1747,0.031454549211235236,0
1750,0.031322366827438886,0
1753,0.030722870266194597,0
1756,0.02979867999395978,0
1759,0.030823282845990535,0
1762,0.030659261342291556,0
1765,0.03233070310860587,0
1768,0.03452626761538886,0
1771,0.035693925465505275,0
1774,0.03438616787361057,0
1777,0.03480931472210953,0
1780,0.03551385447042882,0
1783,0.035686869634637,0
1786,0.03434876926796351,0
1789,0.034845160717386,0
1792,0.03665420253813422,0
1795,0.03657811463065017,0
1798,0.03687199810486882,0
1801,0.03694983849415484,0
1804,0.036587108548966955,0
1807,0.03699916066570517,0
1810,0.03736059526528435,0
1813,0.03731743207732774,0
1816,0.03653077937428294,0
1819,0.03732449055497285,0
1822,0.038297197587575334,0
1825,0.03921224245945095,0
1828,0.039989272550055015,0
1831,0.04077981156639478,0
1834,0.040428569092705785,0
1837,0.03793986574418009,0
1840,0.04103794073379395,0
1843,0.04337599381519675,0
1846,0.043326102716449544,0
1849,0.04175878805217362,0
1852,0.04290577599454452,0
1855,0.043966192069019035,0
1858,0.04455790003540954,0
1861,0.04674842402901531,0
1864,0.047984216481643666,0
1867,0.049522575734268534,0
1870,0.05217848741777554,0
1873,0.05342022159668708,0
1876,0.05570645406914616,0
1879,0.05999990421715157,0
1882,0.06296007097771464,0
1885,0.06637909551984492,0
1888,0.07020971472967494,0
1891,0.0733428285398514,0
1894,0.07654862397582446,0
1897,0.07998315707033092,0
1900,0.08639523878608096,0
1903,0.09347385901574938,0
1906,0.10714339359638583,0
1909,0.12335344218086874,0
1912,0.13275437218338643,0
1915,0.14113243347647808,0
1918,0.14508936954427581,0
1921,0.14967976923900267,0
1924,0.16008688742262736,0
1927,0.16217837164193039,0
1930,0.15436709690087466,0
1933,0.1444147858285905,0
1936,0.12477512687596903,0
1939,0.10013516040745431,0
1942,0.08057020379740625,0
1945,0.06660206041742014,0
1948,0.06020383775716328,0
1951,0.051095604469586275,0
1954,0.041956004917502884,0
1957,0.03547224476483096,0
1960,0.021744951497597337,0
1963,0.020818624922015073,0
1966,0.01989670944658477,0
1969,0.01600381933588373,0
1972,0.00717413739168465,0
1975,0.004370950810356542,0
1978,0.007042416838904282,0
1981,0.0036097866877194584,0
1984,0.007453107850086407,0
1987,0.0025101739181865954,0
1990,0.0029576360642930856,0
1993,0.00712325624763339,0
1996,0.0025317007616135457,0
1999,-0.001518329270424236,0
2002,0.0034580068604015907,0
2005,-0.004888004953841815,0
2008,-0.002001980224416757,0
2011,-0.00047691018384465823,0
2014,0.006190057228322655,0
2017,-0.00006096170572208059,0
2020,-0.0012222926862211709,0
2023,0.0016804174252343762,0
2026,0.006436779908002569,0
2029,0.004381638329363079,0
2032,-0.007480970642254273,0
2035,-0.0024052119615654475,0
2038,-0.002916217404143772,0
2041,0.00476336232202348,0
2044,0.014124519851105966,0
2047,0.013739962520774692,0
2050,0.016335007381753048,0
2053,0.01833371713543869,0
2056,0.021307811235042974,0
2059,0.01805693560994628,0
2062,0.020202555480041493,0
2065,0.020137230992616124,0
2068,0.015741630234455784,0
2071,0.016719384299749743,0
2074,0.014414178035319249,0
2077,0.015238091515983713,0
2080,0.015837590762690656,0
2083,0.022355828099178125,0
2086,0.02298772001017212,0
2089,0.020472651634274808,0
2092,0.02140031373888483,0
2095,0.019497970910433888,0
2098,0.015378174402274137,0
2101,0.016322239410995393,0
2104,0.01510367290213528,0
2107,0.013522554930159976,0
2110,0.017973327238969085,0
2113,0.021660702898147182,0
2116,0.019143118398928127,0
2119,0.019524721066613022,0
2122,0.01905922480984891,0
2125,0.01704028596338416,0
2128,0.015212034704377818,0
2131,0.016787036114151426,0
2134,0.011832603674120555,0
2137,0.01318982320087044,0
2140,0.012485746490290169,0
2143,0.01130119182903731,0
2146,0.008664449695769457,0
2149,0.004219777413048479,0
2152,0.0025686171412709585,0
2155,-0.005283078846805835,0
2158,0.0002909522171980938,0
2161,-0.004563293793618802,0
2164,-0.004545301105807942,0
2167,0.009340141065968727,0
2170,0.010087985899045951,0
2173,0.0027213709223555113,0
2176,0.001921732497369185,0
2179,0.0034957378617847096,0
2182,0.006489067668975994,0
2185,0.012616506228522334,0
2188,0.006514086280607756,0
2191,0.003698884221932663,0
2194,0.004565773504551145,0
2197,0.00639830111851323,0
2200,0.006486560455466671,0
2203,0.004411265533350127,0
2206,0.005968058076947917,0
2209,0.006213123952424772,0
2212,0.006205099888957242,0
2215,0.013129351450736184,0
2218,0.010705000385103695,0
2221,0.010544005809195265,0
2224,0.013231871828577104,0
2227,0.010512673580156605,0
2230,0.011737044777053441,0
2233,0.013863192831826479,0
2236,0.012818700504729375,0
2239,0.014137324732560356,0
2242,0.015238595662017978,0
2245,0.01614206525291792,0
2248,0.011993041452602332,0
2251,0.011216729897915011,0
2254,0.012383834746126558,0
2257,0.013410005219555718,0
2260,0.01539015761674921,0
2263,0.016231944227867726,0
2266,0.017640166060682024,0
2269,0.015711926175710673,0
2272,0.017579508762817508,0
2275,0.018882328508580664,0
2278,0.020064234361837286,0
2281,0.017903783481290726,0
2284,0.01690047315390493,0
2287,0.017326499048160148,0
2290,0.019525003318142393,0
2293,0.019598950943181412,0
2296,0.02062877202708015,0
2299,0.0188003875485732,0
2302,0.019850725329714717,0
2305,0.02016578239751,0
2308,0.020532373161499064,0
2311,0.020207863125217537,0
2314,0.019640256769990524,0
2317,0.02210419317420434,0
2320,0.024547196063970916,0
2323,0.023976408346828522,0
2326,0.02553220451279073,0
2329,0.026362354102652898,0
2332,0.024717685155151957,0
2335,0.02439446789876479,0
2338,0.0235163403282267,0
2341,0.023256384037685766,0
2344,0.024030507751940447,0
2347,0.024148291096662413,0
2350,0.02264545123901864,0
2353,0.02213851190240533,0
2356,0.020852644855205903,0
2359,0.02094279795364315,0
2362,0.02122788279533119,0
2365,0.01779133689614642,0
2368,0.020257237268481762,0
2371,0.020148675061645912,0
2374,0.01816117422285838,0
2377,0.01949590960419503,0
2380,0.01971524553268581,0
2383,0.020251476408094337,0
2386,0.022824901192865798,0
2389,0.02270979690162352,0
2392,0.02108470415820133,0
2395,0.01962563625180518,0
2398,0.020528780725684644,0
2401,0.019415951257891237,0
2404,0.01788258709158191,0
2407,0.017636223124938344,0
2410,0.018644244286414154,0
2413,0.01741480403127736,0
2416,0.01726678385582732,0
2419,0.01705323352190925,0
2422,0.01564077449538304,0
2425,0.01752704920772952,0
2428,0.01675109624789408,0
2431,0.016781954161327675,0
2434,0.016445552107884665,0
2437,0.017047829164675687,0
2440,0.015977389659963842,0
2443,0.016145904448396493,0
2446,0.01773248928163021,0
2449,0.017329983290634222,0
2452,0.017303927590609183,0
2455,0.01654455811547559,0
2458,0.017320136491876807,0
2461,0.015552751664852782,0
2464,0.016378864049085003,0
2467,0.016455665858419954,0
2470,0.015901852224410123,0
2473,0.017471767115846634,0
2476,0.01733348520224503,0
2479,0.015121522611488122,0
2482,0.01587002091426448,0
2485,0.014341083819911091,0
2488,0.016098903409729318,0
2491,0.015157927988498686,0
2494,0.01379889288950125,0
2497,0.013951966975511673,0
2500,0.010303100191711915,0
2503,0.012164982630819334,0
2506,0.014850779985161787,0
2509,0.01361966075681389,0
2512,0.014612930846743196,0
2515,0.015445711234525336,0
2518,0.013386349911035992,0
2521,0.01358047305757552,0
2524,0.01357902850198694,0
2527,0.014716184089007411,0
2530,0.014640592519693013,0
2533,0.012585921820101773,0
2536,0.011873430584044112,0
2539,0.014860111770639967,0
2542,0.015420277255052755,0
2545,0.01533231591495627,0
2548,0.014068598359923948,0
2551,0.014951351966747453,0
2554,0.01646363396007621,0
2557,0.01482745357340887,0
2560,0.01642273965929311,0
2563,0.016692340816005322,0
2566,0.016269281854807638,0
2569,0.01640091775170185,0
2572,0.016363553096944986,0
2575,0.016052076643925963,0
2578,0.016128324344337024,0
2581,0.016088238734397495,0
2584,0.015155222583562169,0
2587,0.015948283188243297,0
2590,0.016179590307879455,0
2593,0.01762776748595171,0
2596,0.01612096854811237,0
2599,0.017058841237849974,0
2602,0.014954450019482594,0
2605,0.016996939515246844,0
2608,0.019499154980065297,0
2611,0.019045783188519332,0
2614,0.01911809128521499,0
2617,0.01734093779593283,0
2620,0.01641386454327204,0
2623,0.017936566266683544,0
2626,0.0173610588186516,0
2629,0.017607481517790135,0
2632,0.01747439902657146,0
2635,0.018572695105688066,0
2638,0.018800130292879982,0
2641,0.01935784231530366,0
2644,0.02016299787063856,0
2647,0.01914420839192171,0
2650,0.019562507273873382,0
2653,0.02032024864195538,0
2656,0.020886581903906184,0
2659,0.020921774943170327,0
2662,0.02147310229958994,0
2665,0.021399086912241152,0
2668,0.02069236905512882,0
2671,0.022103308793609035,0
2674,0.022118877241560128,0
2677,0.020705631055484952,0
2680,0.02103781109176703,0
2683,0.021309559518664437,0
2686,0.021220097521320185,0
2689,0.02135240972528567,0
2692,0.022270761047724644,0
2695,0.022492022657593078,0
2698,0.022389760209935678,0
2701,0.02406689181197453,0
2704,0.024141554975567265,0
2707,0.025888314224863627,0
2710,0.027801616602219505,0
2713,0.02869891526295657,0
2716,0.027163963323632304,0
2719,0.02735371751164767,0
2722,0.0268879586926767,0
2725,0.02682905268891499,0
2728,0.02732662615792162,0
2731,0.027365043793050256,0
2734,0.026375276946837445,0
2737,0.026890736187284832,0
2740,0.027601558302193376,0
2743,0.027623851323376265,0
2746,0.027539315462150896,0
2749,0.02788164639721096,0
2752,0.027963960871974444,0
2755,0.028885873157268736,0
2758,0.028582097438635923,0
2761,0.02941312411538712,0
2764,0.03004288980007354,0
2767,0.028925271063135367,0
2770,0.030127271916633593,0
2773,0.031407301973733155,0
2776,0.031957645696649196,0
2779,0.03324655877866151,0
2782,0.03391671483903993,0
2785,0.03521875604443006,0
2788,0.037902365152713204,0
2791,0.03756489805065065,0
2794,0.037211031484996784,0
2797,0.0380660967773195,0
2800,0.037958708275370005,0
2803,0.03827346349200983,0
2806,0.039451577673059804,0
2809,0.04066186231113642,0
2812,0.042355869881542434,0
2815,0.043364642674973516,0
2818,0.044243438189554805,0
2821,0.044915654138253165,0
2824,0.045947618689244886,0
2827,0.048796780675651144,0
2830,0.05091992154326318,0
2833,0.05339021390775913,0
2836,0.057221820195677446,0
2839,0.061132181406368426,0
2842,0.06482905628085113,0
2845,0.06954226139918919,0
2848,0.07368647576062967,0
2851,0.07803505299356116,0
2854,0.08150820873608855,0
2857,0.08459119122023898,0
2860,0.08867229663318588,0
2863,0.09286933204600277,0
2866,0.09365706778425406,0
2869,0.09122062711703142,0
2872,0.08714604877396452,0
2875,0.08304443912515681,0
2878,0.08248004747498586,0
2881,0.08323652660918407,0
2884,0.08297189051453144,0
2887,0.08291023509976118,0
2890,0.08389880079011275,0
2893,0.08511213872010698,0
2896,0.08504193859396615,0
2899,0.08299880861611517,0
2902,0.08053104712680964,0
2905,0.07649337394828126,0
2908,0.07231359450971188,0
2911,0.06985321532501515,0
2914,0.070548676485511,0
2917,0.06944532038647962,0
2920,0.06633743023162327,0
2923,0.062388400727838536,0
2926,0.06091041364575094,0
2929,0.05994187019683144,0
2932,0.0589775998746875,0
2935,0.05859755587739588,0
2938,0.05990676967266013,0
2941,0.06358220893071254,0
2944,0.06640163250204094,0
2947,0.06698109175091,0
2950,0.0665756539741185,0
2953,0.06109762938449638,0
2956,0.05697838146133055,0
2959,0.05093204477498579,0
2962,0.0454970032335855,0
2965,0.039532934412446985,0
2968,0.034138195481347534,0
2971,0.030228239997348697,0
2974,0.025011739043967758,0
2977,0.020085507048177048,0
2980,0.020462498701043726,0
2983,0.022506501841734187,0
2986,0.02667266184376549,0
2989,0.028572248305671226,0
2992,0.02976488176645699,0
2995,0.031153944711026015,0
2998,0.02796412946278488,0
3001,0.026977039500781286,0
3004,0.02116314349761979,0
3007,0.01726522939287816,0
3010,0.016809992945069747,0
3013,0.015157255730146072,0
3016,0.012377396713210495,0
3019,0.0072137895578145254,0
3022,0.0019832352594241934,0
3025,0.00048448503939131155,0
3028,-0.00027409684118946074,0
3031,0.0020391128046502133,0
3034,0.0004925894764389463,0
3037,-0.00057231608125554,0
3040,-0.000017338631571796806,0
3043,-0.0002807617041905089,0
3046,0.0003397880843219714,0