<?xml version="1.0" encoding="UTF-8"?>
<PeakList>
  <PeakList1D>
    <PeakList1DHeader creator="nmrsu" date="2025-03-12T11:23:17.341+01:00" expNo="11" name="AE-456-1" owner="" procNo="1" source="/home/nmrsu/nmrdata/data/AG_Schubert/nmr">
      <PeakPickDetails>F1=39.300091ppm, F2=-30.121786ppm, MI=0.00cm, MAXI=10000.00cm, PC=12.000
      </PeakPickDetails>
    </PeakList1DHeader>
    <Peak1D F1="7.748730" intensity="3.033753e-02" type="0"/>
    <Peak1D F1="7.729193" intensity="8.285877e-02" type="0"/>
    <Peak1D F1="7.709336" intensity="5.940831e-02" type="0"/>
    <Peak1D F1="7.484575" intensity="1.832852e-01" type="0"/>
    <Peak1D F1="7.464883" intensity="1.338164e-01" type="0"/>
    <Peak1D F1="3.818976" intensity="2.657646e-02" type="0"/>
    <Peak1D F1="3.778814" intensity="5.635456e-02" type="0"/>
    <Peak1D F1="3.655692" intensity="6.818575e-02" type="0"/>
    <Peak1D F1="3.614718" intensity="3.880495e-02" type="0"/>
    <Peak1D F1="3.238950" intensity="1.500000e+01" type="0"/>
    <Peak1D F1="2.584924" intensity="2.859493e-02" type="0"/>
    <Peak1D F1="2.419926" intensity="1.452528e+00" type="0"/>
    <Peak1D F1="2.416396" intensity="1.750500e+00" type="0"/>
    <Peak1D F1="2.242945" intensity="2.950396e-02" type="0"/>
    <Peak1D F1="1.903251" intensity="2.130401e-02" type="0"/>
    <Peak1D F1="1.216784" intensity="7.836353e-01" type="0"/>
    <Peak1D F1="1.200443" intensity="1.266784e+00" type="0"/>
    <Peak1D F1="1.184032" intensity="8.070445e-01" type="0"/>
    <Peak1D F1="1.146402" intensity="8.176998e-01" type="0"/>
    <Peak1D F1="1.130410" intensity="1.211702e+00" type="0"/>
    <Peak1D F1="1.114342" intensity="7.295411e-01" type="0"/>
    <Peak1D F1="0.935582" intensity="8.248348e-02" type="0"/>
    <Peak1D F1="0.772451" intensity="5.861732e-02" type="0"/>
    <Peak1D F1="-0.001061" intensity="6.604881e-02" type="0"/>
    <Peak1D F1="-0.015328" intensity="1.941825e-02" type="0"/>
  </PeakList1D>
</PeakList>
