<?xml version="1.0" encoding="UTF-8"?>
<PeakList>
  <PeakList1D>
    <PeakList1DHeader creator="nmrsu" date="2024-04-10T13:08:31.843+02:00" expNo="12" name="AE-252-1" owner="" procNo="1" source="/home/nmrsu/nmrdata/data/AG_Schubert/nmr">
      <PeakPickDetails>F1=303.084503ppm, F2=-103.084557ppm, MI=0.00cm, MAXI=10000.00cm, PC=1.400
      </PeakPickDetails>
    </PeakList1DHeader>
    <Peak1D F1="69.799438" intensity="1.412422e-02" type="0"/>
    <Peak1D F1="66.973969" intensity="7.051097e-01" type="0"/>
    <Peak1D F1="-0.371345" intensity="1.500000e+01" type="0"/>
  </PeakList1D>
</PeakList>
