<?xml version="1.0" encoding="UTF-8"?>
<PeakList>
  <PeakList1D>
    <PeakList1DHeader creator="AG_Schubert" date="2024-03-27T14:05:22.647+01:00" expNo="10" name="AE-28-1" owner="" procNo="1" source="/home/nmrsu/topspin">
      <PeakPickDetails>F1=19.939ppm, F2=-29.939ppm, MI=0.00cm, MAXI=10000.00cm, PC=2.000
      </PeakPickDetails>
    </PeakList1DHeader>
    <Peak1D F1="7.1320" intensity="0.90" type="0"/>
    <Peak1D F1="5.9712" intensity="2.65" type="0"/>
    <Peak1D F1="5.9500" intensity="3.28" type="0"/>
    <Peak1D F1="5.8038" intensity="2.88" type="0"/>
    <Peak1D F1="5.7826" intensity="2.18" type="0"/>
    <Peak1D F1="5.7223" intensity="0.15" type="0"/>
    <Peak1D F1="5.6976" intensity="0.19" type="0"/>
    <Peak1D F1="5.6765" intensity="0.26" type="0"/>
    <Peak1D F1="5.5098" intensity="0.32" type="0"/>
    <Peak1D F1="5.4581" intensity="0.42" type="0"/>
    <Peak1D F1="5.4381" intensity="0.60" type="0"/>
    <Peak1D F1="5.3573" intensity="4.08" type="0"/>
    <Peak1D F1="5.3545" intensity="3.68" type="0"/>
    <Peak1D F1="5.3507" intensity="3.10" type="0"/>
    <Peak1D F1="5.3295" intensity="0.47" type="0"/>
    <Peak1D F1="5.3095" intensity="0.32" type="0"/>
    <Peak1D F1="3.1044" intensity="0.12" type="0"/>
    <Peak1D F1="2.9582" intensity="0.14" type="0"/>
    <Peak1D F1="2.9348" intensity="0.42" type="0"/>
    <Peak1D F1="2.9118" intensity="0.92" type="0"/>
    <Peak1D F1="2.8887" intensity="1.21" type="0"/>
    <Peak1D F1="2.8656" intensity="0.94" type="0"/>
    <Peak1D F1="2.8427" intensity="0.40" type="0"/>
    <Peak1D F1="2.3562" intensity="11.67" type="0"/>
    <Peak1D F1="2.3366" intensity="0.64" type="0"/>
    <Peak1D F1="2.3262" intensity="1.72" type="0"/>
    <Peak1D F1="2.2558" intensity="0.23" type="0"/>
    <Peak1D F1="2.2322" intensity="0.26" type="0"/>
    <Peak1D F1="2.1442" intensity="1.64" type="0"/>
    <Peak1D F1="1.5602" intensity="0.52" type="0"/>
    <Peak1D F1="1.5396" intensity="0.08" type="0"/>
    <Peak1D F1="1.4416" intensity="0.08" type="0"/>
    <Peak1D F1="1.4089" intensity="0.41" type="0"/>
    <Peak1D F1="1.4010" intensity="0.56" type="0"/>
    <Peak1D F1="1.3859" intensity="0.49" type="0"/>
    <Peak1D F1="1.3764" intensity="1.13" type="0"/>
    <Peak1D F1="1.3519" intensity="14.98" type="0"/>
    <Peak1D F1="1.3287" intensity="15.00" type="0"/>
    <Peak1D F1="1.3040" intensity="2.76" type="0"/>
    <Peak1D F1="1.2809" intensity="2.20" type="0"/>
    <Peak1D F1="1.2568" intensity="2.45" type="0"/>
    <Peak1D F1="1.2338" intensity="2.23" type="0"/>
    <Peak1D F1="1.1379" intensity="0.15" type="0"/>
    <Peak1D F1="1.1143" intensity="0.14" type="0"/>
    <Peak1D F1="0.9126" intensity="0.22" type="0"/>
    <Peak1D F1="0.8886" intensity="0.17" type="0"/>
    <Peak1D F1="0.1232" intensity="0.17" type="0"/>
    <Peak1D F1="0.1124" intensity="1.63" type="0"/>
  </PeakList1D>
</PeakList>
