<?xml version="1.0" encoding="UTF-8"?>
<PeakList>
  <PeakList1D>
    <PeakList1DHeader creator="nmrsu" date="2025-08-01T02:39:46.559+02:00" expNo="10" name="AE-157-3" owner="" procNo="1" source="/home/nmrsu/nmrdata/data/AG_Schubert/nmr">
      <PeakPickDetails>F1=19.855480ppm, F2=-4.083097ppm, MI=0.00cm, MAXI=10000.00cm, PC=12.000
      </PeakPickDetails>
    </PeakList1DHeader>
    <Peak1D F1="7.711044" intensity="2.064301e-02" type="0"/>
    <Peak1D F1="7.505071" intensity="2.976331e-01" type="0"/>
    <Peak1D F1="7.485807" intensity="6.478904e-01" type="0"/>
    <Peak1D F1="7.466732" intensity="3.894302e-01" type="0"/>
    <Peak1D F1="7.222517" intensity="1.390479e+00" type="0"/>
    <Peak1D F1="7.203257" intensity="1.228409e+00" type="0"/>
    <Peak1D F1="7.013588" intensity="4.393638e-02" type="0"/>
    <Peak1D F1="5.343678" intensity="5.149584e-02" type="0"/>
    <Peak1D F1="5.328918" intensity="6.087690e-02" type="0"/>
    <Peak1D F1="5.244234" intensity="1.887945e+00" type="0"/>
    <Peak1D F1="5.215818" intensity="6.279208e-02" type="0"/>
    <Peak1D F1="5.200993" intensity="4.644496e-02" type="0"/>
    <Peak1D F1="5.019235" intensity="2.749731e-02" type="0"/>
    <Peak1D F1="4.194911" intensity="3.650952e-01" type="0"/>
    <Peak1D F1="4.185694" intensity="6.437704e-01" type="0"/>
    <Peak1D F1="4.176510" intensity="3.964066e-01" type="0"/>
    <Peak1D F1="4.155132" intensity="4.191843e-01" type="0"/>
    <Peak1D F1="4.145902" intensity="7.103613e-01" type="0"/>
    <Peak1D F1="4.136757" intensity="4.238662e-01" type="0"/>
    <Peak1D F1="3.725881" intensity="1.757460e-02" type="0"/>
    <Peak1D F1="3.416540" intensity="4.730552e-01" type="0"/>
    <Peak1D F1="3.408458" intensity="8.508033e-01" type="0"/>
    <Peak1D F1="3.400448" intensity="5.105552e-01" type="0"/>
    <Peak1D F1="3.376722" intensity="4.476513e-01" type="0"/>
    <Peak1D F1="3.368653" intensity="7.797779e-01" type="0"/>
    <Peak1D F1="3.360620" intensity="4.596435e-01" type="0"/>
    <Peak1D F1="2.213572" intensity="9.799136e-02" type="0"/>
    <Peak1D F1="2.189005" intensity="1.894004e-02" type="0"/>
    <Peak1D F1="2.155163" intensity="2.359558e-02" type="0"/>
    <Peak1D F1="2.125924" intensity="6.322240e-02" type="0"/>
    <Peak1D F1="2.032953" intensity="1.596597e-01" type="0"/>
    <Peak1D F1="1.563395" intensity="4.977104e-02" type="0"/>
    <Peak1D F1="1.547165" intensity="7.519013e-02" type="0"/>
    <Peak1D F1="1.531021" intensity="4.436456e-02" type="0"/>
    <Peak1D F1="1.505606" intensity="4.433408e-02" type="0"/>
    <Peak1D F1="1.490168" intensity="7.087329e-02" type="0"/>
    <Peak1D F1="1.474342" intensity="4.439724e-02" type="0"/>
    <Peak1D F1="1.444419" intensity="2.954409e-01" type="0"/>
    <Peak1D F1="1.425584" intensity="5.446350e-01" type="0"/>
    <Peak1D F1="1.406026" intensity="8.178522e+00" type="0"/>
    <Peak1D F1="1.389646" intensity="1.500000e+01" type="0"/>
    <Peak1D F1="1.373259" intensity="8.367155e+00" type="0"/>
    <Peak1D F1="1.348925" intensity="7.577366e+00" type="0"/>
    <Peak1D F1="1.333006" intensity="1.366839e+01" type="0"/>
    <Peak1D F1="1.317072" intensity="7.579093e+00" type="0"/>
    <Peak1D F1="1.226148" intensity="5.271682e-01" type="0"/>
    <Peak1D F1="1.189318" intensity="1.679041e+00" type="0"/>
    <Peak1D F1="1.173227" intensity="6.456806e-01" type="0"/>
    <Peak1D F1="1.141186" intensity="2.459202e-01" type="0"/>
    <Peak1D F1="1.123975" intensity="2.312771e-01" type="0"/>
    <Peak1D F1="1.101302" intensity="1.319712e-01" type="0"/>
    <Peak1D F1="1.061395" intensity="1.052480e-01" type="0"/>
    <Peak1D F1="1.030107" intensity="9.335771e-02" type="0"/>
    <Peak1D F1="0.817137" intensity="6.119490e-01" type="0"/>
    <Peak1D F1="0.800821" intensity="1.632411e+00" type="0"/>
    <Peak1D F1="0.783163" intensity="7.425970e-01" type="0"/>
    <Peak1D F1="-0.000366" intensity="3.999176e-01" type="0"/>
  </PeakList1D>
</PeakList>
