<?xml version="1.0" encoding="UTF-8"?>
<PeakList>
  <PeakList1D>
    <PeakList1DHeader creator="nmrsu" date="2025-08-01T04:25:50.741+02:00" expNo="12" name="AE-157-3" owner="" procNo="1" source="/home/nmrsu/nmrdata/data/AG_Schubert/nmr">
      <PeakPickDetails>F1=303.084503ppm, F2=-103.084557ppm, MI=0.00cm, MAXI=10000.00cm, PC=1.400
      </PeakPickDetails>
    </PeakList1DHeader>
    <Peak1D F1="81.439423" intensity="1.215869e+00" type="0"/>
    <Peak1D F1="65.260124" intensity="1.500000e+01" type="0"/>
  </PeakList1D>
</PeakList>
