<?xml version="1.0" encoding="UTF-8"?>
<PeakList>
  <PeakList1D>
    <PeakList1DHeader creator="nmrsu" date="2022-12-05T13:34:32.782+01:00" expNo="11" name="AEI-047" owner="" procNo="1" source="C:/Bruker/TopSpin3.5pl6/data/Leitner/nmr">
      <PeakPickDetails>F1=257.873810ppm, F2=-137.873734ppm, MI=0.00cm, MAXI=10000.00cm, PC=1.400
      </PeakPickDetails>
    </PeakList1DHeader>
    <Peak1D F1="64.694366" intensity="1.112594e-001" type="0"/>
    <Peak1D F1="58.234188" intensity="1.077678e-001" type="0"/>
    <Peak1D F1="46.956745" intensity="2.571038e-002" type="0"/>
    <Peak1D F1="46.349907" intensity="2.684073e-002" type="0"/>
    <Peak1D F1="36.683220" intensity="3.133872e-002" type="0"/>
    <Peak1D F1="36.667957" intensity="2.425969e-002" type="0"/>
    <Peak1D F1="36.608376" intensity="3.111625e-002" type="0"/>
    <Peak1D F1="36.570469" intensity="2.886382e-001" type="0"/>
    <Peak1D F1="36.450546" intensity="2.546456e-002" type="0"/>
    <Peak1D F1="36.027203" intensity="2.414856e-002" type="0"/>
    <Peak1D F1="35.966629" intensity="2.429139e-002" type="0"/>
    <Peak1D F1="35.918156" intensity="2.908012e-002" type="0"/>
    <Peak1D F1="35.870247" intensity="5.282217e-002" type="0"/>
    <Peak1D F1="35.845409" intensity="3.359915e-002" type="0"/>
    <Peak1D F1="35.833046" intensity="3.104686e-002" type="0"/>
    <Peak1D F1="35.821346" intensity="3.121475e-002" type="0"/>
    <Peak1D F1="35.809223" intensity="3.809151e-002" type="0"/>
    <Peak1D F1="35.796627" intensity="4.321878e-002" type="0"/>
    <Peak1D F1="35.784882" intensity="3.759490e-002" type="0"/>
    <Peak1D F1="35.772732" intensity="4.817110e-002" type="0"/>
    <Peak1D F1="35.748390" intensity="3.638325e-002" type="0"/>
    <Peak1D F1="35.736240" intensity="4.569165e-002" type="0"/>
    <Peak1D F1="35.724258" intensity="5.627213e-002" type="0"/>
    <Peak1D F1="35.712109" intensity="5.113678e-002" type="0"/>
    <Peak1D F1="35.700150" intensity="5.017107e-002" type="0"/>
    <Peak1D F1="35.687840" intensity="6.748342e-002" type="0"/>
    <Peak1D F1="35.675926" intensity="7.097565e-002" type="0"/>
    <Peak1D F1="35.663685" intensity="7.833385e-002" type="0"/>
    <Peak1D F1="35.651512" intensity="9.422223e-002" type="0"/>
    <Peak1D F1="35.639622" intensity="1.075243e-001" type="0"/>
    <Peak1D F1="35.627380" intensity="1.153163e-001" type="0"/>
    <Peak1D F1="35.615234" intensity="1.464144e-001" type="0"/>
    <Peak1D F1="35.603157" intensity="1.871054e-001" type="0"/>
    <Peak1D F1="35.590984" intensity="2.503155e-001" type="0"/>
    <Peak1D F1="35.577892" intensity="4.507188e-001" type="0"/>
    <Peak1D F1="35.566666" intensity="9.438096e-001" type="0"/>
    <Peak1D F1="35.554966" intensity="9.587614e-001" type="0"/>
    <Peak1D F1="35.540787" intensity="1.902868e+000" type="0"/>
    <Peak1D F1="35.527649" intensity="1.500000e+001" type="0"/>
    <Peak1D F1="35.500404" intensity="7.213024e-001" type="0"/>
    <Peak1D F1="35.487335" intensity="6.860471e-001" type="0"/>
    <Peak1D F1="35.478043" intensity="5.431477e-001" type="0"/>
    <Peak1D F1="35.464245" intensity="2.158327e-001" type="0"/>
    <Peak1D F1="35.451931" intensity="1.511750e-001" type="0"/>
    <Peak1D F1="35.439167" intensity="1.654229e-001" type="0"/>
    <Peak1D F1="35.428413" intensity="2.118231e-001" type="0"/>
    <Peak1D F1="35.415627" intensity="1.004979e-001" type="0"/>
    <Peak1D F1="35.403362" intensity="1.234361e-001" type="0"/>
    <Peak1D F1="35.391708" intensity="8.187938e-002" type="0"/>
    <Peak1D F1="35.378616" intensity="7.297432e-002" type="0"/>
    <Peak1D F1="35.368214" intensity="1.514177e-001" type="0"/>
    <Peak1D F1="35.355217" intensity="5.569723e-002" type="0"/>
    <Peak1D F1="35.343021" intensity="5.362220e-002" type="0"/>
    <Peak1D F1="35.331062" intensity="4.375675e-002" type="0"/>
    <Peak1D F1="35.318657" intensity="3.697811e-002" type="0"/>
    <Peak1D F1="35.295845" intensity="1.100556e-001" type="0"/>
    <Peak1D F1="35.282730" intensity="3.906981e-002" type="0"/>
    <Peak1D F1="35.258175" intensity="2.633234e-002" type="0"/>
    <Peak1D F1="35.246288" intensity="2.900589e-002" type="0"/>
    <Peak1D F1="35.210102" intensity="2.689557e-002" type="0"/>
    <Peak1D F1="35.089493" intensity="2.616396e-002" type="0"/>
    <Peak1D F1="35.004105" intensity="2.244939e-002" type="0"/>
  </PeakList1D>
</PeakList>
