<?xml version="1.0" encoding="UTF-8"?>
<PeakList>
  <PeakList1D>
    <PeakList1DHeader creator="nmrsu" date="2025-04-02T15:51:23.169+02:00" expNo="11" name="ae-456-1-1" owner="" procNo="1" source="/home/nmrsu/nmrdata/data/AG_Schubert/nmr">
      <PeakPickDetails>F1=246.147202ppm, F2=-26.147281ppm, MI=0.00cm, MAXI=10000.00cm, PC=1.400
      </PeakPickDetails>
    </PeakList1DHeader>
    <Peak1D F1="210.402235" intensity="3.374397e-02" type="0"/>
    <Peak1D F1="165.265145" intensity="9.523643e-02" type="0"/>
    <Peak1D F1="165.034630" intensity="1.148557e-01" type="0"/>
    <Peak1D F1="138.488856" intensity="1.612646e-01" type="0"/>
    <Peak1D F1="121.412721" intensity="8.868290e-02" type="0"/>
    <Peak1D F1="121.380959" intensity="1.762439e-01" type="0"/>
    <Peak1D F1="121.349789" intensity="1.008030e-01" type="0"/>
    <Peak1D F1="117.330466" intensity="1.111913e+01" type="0"/>
    <Peak1D F1="113.979739" intensity="2.969082e-02" type="0"/>
    <Peak1D F1="37.135499" intensity="9.028561e-02" type="0"/>
    <Peak1D F1="37.093723" intensity="1.841249e-01" type="0"/>
    <Peak1D F1="37.052239" intensity="8.367479e-02" type="0"/>
    <Peak1D F1="36.594569" intensity="9.212154e-02" type="0"/>
    <Peak1D F1="36.541513" intensity="1.756199e-01" type="0"/>
    <Peak1D F1="36.488684" intensity="8.006259e-02" type="0"/>
    <Peak1D F1="36.278879" intensity="8.899092e-02" type="0"/>
    <Peak1D F1="36.220499" intensity="1.554315e-01" type="0"/>
    <Peak1D F1="36.161828" intensity="9.283085e-02" type="0"/>
    <Peak1D F1="31.616985" intensity="4.445760e-02" type="0"/>
    <Peak1D F1="29.461477" intensity="3.912781e-01" type="0"/>
    <Peak1D F1="29.442926" intensity="6.582512e-01" type="0"/>
    <Peak1D F1="29.424537" intensity="3.992378e-01" type="0"/>
    <Peak1D F1="29.385536" intensity="4.065970e-01" type="0"/>
    <Peak1D F1="29.368803" intensity="6.607957e-01" type="0"/>
    <Peak1D F1="29.352119" intensity="4.042218e-01" type="0"/>
    <Peak1D F1="29.034351" intensity="2.936609e-02" type="0"/>
    <Peak1D F1="28.769770" intensity="3.364081e-02" type="0"/>
    <Peak1D F1="25.259672" intensity="3.441692e-02" type="0"/>
    <Peak1D F1="22.410038" intensity="4.891929e-02" type="0"/>
    <Peak1D F1="13.393501" intensity="4.080954e-02" type="0"/>
    <Peak1D F1="0.835104" intensity="2.136923e+00" type="0"/>
    <Peak1D F1="0.669818" intensity="6.434519e+00" type="0"/>
    <Peak1D F1="0.504775" intensity="1.287036e+01" type="0"/>
    <Peak1D F1="0.339488" intensity="1.500000e+01" type="0"/>
    <Peak1D F1="0.261033" intensity="1.904260e-01" type="0"/>
    <Peak1D F1="0.174429" intensity="1.285614e+01" type="0"/>
    <Peak1D F1="0.096038" intensity="1.589571e-01" type="0"/>
    <Peak1D F1="0.009159" intensity="6.412941e+00" type="0"/>
    <Peak1D F1="-0.069297" intensity="1.046841e-01" type="0"/>
    <Peak1D F1="-0.155917" intensity="2.130606e+00" type="0"/>
    <Peak1D F1="-0.234064" intensity="4.421152e-02" type="0"/>
  </PeakList1D>
</PeakList>
